Time,N,Answer,Ratio,Type
0.01,1,0,1,exact
0.01,2,18508,1,exact
0.01,3,12,1,exact
0.01,4,80,1,exact
0.01,5,24959,1,exact
0.01,6,16418,1,exact
0.01,7,24769,1,exact
0.01,8,22562,1,exact
0.03,9,14161,1,exact
0.2,10,21419,1,exact
2.28,11,13631,1,exact
24.85,12,30080,1,exact
317.19,13,22912,1,exact
4373.38,14,19352,1,exact
0.01,1,0,1,exact
0.01,2,18508,1,exact
0.01,3,12,1,exact
0.01,4,80,1,exact
0.01,5,24959,1,exact
0.01,6,16418,1,exact
0.01,7,24769,1,exact
0.01,8,22562,1,exact
0.03,9,14161,1,exact
0.2,10,21419,1,exact
2.1,11,13631,1,exact
26.39,12,30080,1,exact
330.11,13,22912,1,exact
4521.24,14,19352,1,exact
0.01,1,0,1,exact
0.01,2,18508,1,exact
0.01,3,12,1,exact
0.01,4,80,1,exact
0.01,5,24959,1,exact
0.01,6,16418,1,exact
0.01,7,24769,1,exact
0.01,8,22562,1,exact
0.04,9,14161,1,exact
0.22,10,21419,1,exact
2.09,11,13631,1,exact
25.6,12,30080,1,exact
328.79,13,22912,1,exact
4548.42,14,19352,1,exact
0.01,1,0,1,exact
0.01,2,18508,1,exact
0.01,3,12,1,exact
0.01,4,80,1,exact
0.01,5,24959,1,exact
0.01,6,16418,1,exact
0.01,7,24769,1,exact
0.01,8,22562,1,exact
0.03,9,14161,1,exact
0.2,10,21419,1,exact
2.09,11,13631,1,exact
24.88,12,30080,1,exact
325.9,13,22912,1,exact
4745.63,14,19352,1,exact
0.01,1,0,1,exact
0.01,2,18508,1,exact
0.01,3,12,1,exact
0.01,4,80,1,exact
0.01,5,24959,1,exact
0.01,6,16418,1,exact
0.01,7,24769,1,exact
0.01,8,22562,1,exact
0.03,9,14161,1,exact
0.22,10,21419,1,exact
2.15,11,13631,1,exact
24.79,12,30080,1,exact
328.02,13,22912,1,exact
4727.47,14,19352,1,exact
0.01,1,0,1,exact
0.01,2,18508,1,exact
0.01,3,12,1,exact
0.01,4,80,1,exact
0.01,5,24959,1,exact
0.01,6,16418,1,exact
0.01,7,24769,1,exact
0.01,8,22562,1,exact
0.03,9,14161,1,exact
0.2,10,21419,1,exact
2.23,11,13631,1,exact
25.18,12,30080,1,exact
329.21,13,22912,1,exact
4531.49,14,19352,1,exact
0.01,1,0,1,exact
0.01,2,18508,1,exact
0.01,3,12,1,exact
0.01,4,80,1,exact
0.01,5,24959,1,exact
0.01,6,16418,1,exact
0.01,7,24769,1,exact
0.01,8,22562,1,exact
0.03,9,14161,1,exact
0.21,10,21419,1,exact
2.06,11,13631,1,exact
25.82,12,30080,1,exact
321.4,13,22912,1,exact
4682.4,14,19352,1,exact
0.01,1,0,1,exact
0.01,2,18508,1,exact
0.01,3,12,1,exact
0.01,4,80,1,exact
0.01,5,24959,1,exact
0.01,6,16418,1,exact
0.01,7,24769,1,exact
0.01,8,22562,1,exact
0.03,9,14161,1,exact
0.2,10,21419,1,exact
2.06,11,13631,1,exact
24.37,12,30080,1,exact
316.01,13,22912,1,exact
4398.35,14,19352,1,exact
0.01,1,0,1,exact
0.01,2,18508,1,exact
0.01,3,12,1,exact
0.01,4,80,1,exact
0.01,5,24959,1,exact
0.01,6,16418,1,exact
0.01,7,24769,1,exact
0.01,8,22562,1,exact
0.03,9,14161,1,exact
0.21,10,21419,1,exact
2.13,11,13631,1,exact
24.29,12,30080,1,exact
313.49,13,22912,1,exact
4484.06,14,19352,1,exact
0.01,1,0,1,exact
0.01,2,18508,1,exact
0.01,3,12,1,exact
0.01,4,80,1,exact
0.01,5,24959,1,exact
0.01,6,16418,1,exact
0.01,7,24769,1,exact
0.01,8,22562,1,exact
0.03,9,14161,1,exact
0.2,10,21419,1,exact
2.09,11,13631,1,exact
24.74,12,30080,1,exact
315.65,13,22912,1,exact
4655.29,14,19352,1,exact
0.01,1,0,1,exact
0.01,2,18508,1,exact
0.01,3,12,1,exact
0.01,4,80,1,exact
0.01,5,24959,1,exact
0.01,6,16418,1,exact
0.01,7,24769,1,exact
0.01,8,22562,1,exact
0.03,9,14161,1,exact
0.2,10,21419,1,exact
2.15,11,13631,1,exact
25.31,12,30080,1,exact
326.73,13,22912,1,exact
4515.86,14,19352,1,exact
0.01,1,0,1,exact
0.01,2,18508,1,exact
0.01,3,12,1,exact
0.01,4,80,1,exact
0.01,5,24959,1,exact
0.01,6,16418,1,exact
0.01,7,24769,1,exact
0.01,8,22562,1,exact
0.03,9,14161,1,exact
0.2,10,21419,1,exact
2.15,11,13631,1,exact
25.12,12,30080,1,exact
359.76,13,22912,1,exact
4520.81,14,19352,1,exact
0.05,1,0,1,exact
0.01,2,18508,1,exact
0.01,3,12,1,exact
0.01,4,80,1,exact
0.01,5,24959,1,exact
0.01,6,16418,1,exact
0.01,7,24769,1,exact
0.01,8,22562,1,exact
0.03,9,14161,1,exact
0.2,10,21419,1,exact
2.09,11,13631,1,exact
25.03,12,30080,1,exact
455.31,13,22912,1,exact
4462.92,14,19352,1,exact
0.01,1,0,1,exact
0.01,2,18508,1,exact
0.01,3,12,1,exact
0.01,4,80,1,exact
0.01,5,24959,1,exact
0.01,6,16418,1,exact
0.01,7,24769,1,exact
0.01,8,22562,1,exact
0.03,9,14161,1,exact
0.2,10,21419,1,exact
2.05,11,13631,1,exact
24.66,12,30080,1,exact
312.55,13,22912,1,exact
5090.23,14,19352,1,exact
0.01,1,0,1,exact
0.01,2,18508,1,exact
0.01,3,12,1,exact
0.01,4,80,1,exact
0.01,5,24959,1,exact
0.01,6,16418,1,exact
0.01,7,24769,1,exact
0.01,8,22562,1,exact
0.03,9,14161,1,exact
0.2,10,21419,1,exact
2.07,11,13631,1,exact
24.61,12,30080,1,exact
319.17,13,22912,1,exact
4439.93,14,19352,1,exact
0.01,1,0,1,exact
0.01,2,18508,1,exact
0.01,3,12,1,exact
0.01,4,80,1,exact
0.01,5,24959,1,exact
0.01,6,16418,1,exact
0.01,7,24769,1,exact
0.01,8,22562,1,exact
0.03,9,14161,1,exact
0.2,10,21419,1,exact
2.12,11,13631,1,exact
25.08,12,30080,1,exact
318.05,13,22912,1,exact
4601.95,14,19352,1,exact
0.01,1,0,1,exact
0.01,2,18508,1,exact
0.01,3,12,1,exact
0.01,4,80,1,exact
0.01,5,24959,1,exact
0.01,6,16418,1,exact
0.01,7,24769,1,exact
0.01,8,22562,1,exact
0.03,9,14161,1,exact
0.2,10,21419,1,exact
2.07,11,13631,1,exact
24.22,12,30080,1,exact
322.2,13,22912,1,exact
4436.69,14,19352,1,exact
0.01,1,0,1,exact
0.01,2,18508,1,exact
0.01,3,12,1,exact
0.01,4,80,1,exact
0.01,5,24959,1,exact
0.01,6,16418,1,exact
0.01,7,24769,1,exact
0.01,8,22562,1,exact
0.03,9,14161,1,exact
0.2,10,21419,1,exact
2.08,11,13631,1,exact
24.95,12,30080,1,exact
316.88,13,22912,1,exact
4413.9,14,19352,1,exact
0.01,1,0,1,exact
0.01,2,18508,1,exact
0.01,3,12,1,exact
0.01,4,80,1,exact
0.01,5,24959,1,exact
0.01,6,16418,1,exact
0.01,7,24769,1,exact
0.01,8,22562,1,exact
0.03,9,14161,1,exact
0.2,10,21419,1,exact
2.11,11,13631,1,exact
24.15,12,30080,1,exact
313.28,13,22912,1,exact
4396.98,14,19352,1,exact
0.01,1,0,1,exact
0.01,2,18508,1,exact
0.01,3,12,1,exact
0.01,4,80,1,exact
0.01,5,24959,1,exact
0.01,6,16418,1,exact
0.01,7,24769,1,exact
0.01,8,22562,1,exact
0.03,9,14161,1,exact
0.2,10,21419,1,exact
2.08,11,13631,1,exact
30.2,12,30080,1,exact
316.7,13,22912,1,exact
4439.81,14,19352,1,exact
0.01,1,0,1,exact
0.01,2,18508,1,exact
0.01,3,12,1,exact
0.01,4,80,1,exact
0.01,5,24959,1,exact
0.01,6,16418,1,exact
0.01,7,24769,1,exact
0.01,8,22562,1,exact
0.03,9,14161,1,exact
0.21,10,21419,1,exact
2.06,11,13631,1,exact
24.46,12,30080,1,exact
322.87,13,22912,1,exact
4496.55,14,19352,1,exact
0.01,1,0,1,exact
0.01,2,18508,1,exact
0.01,3,12,1,exact
0.01,4,80,1,exact
0.01,5,24959,1,exact
0.01,6,16418,1,exact
0.01,7,24769,1,exact
0.01,8,22562,1,exact
0.03,9,14161,1,exact
0.2,10,21419,1,exact
2.08,11,13631,1,exact
24.27,12,30080,1,exact
323.78,13,22912,1,exact
4381.67,14,19352,1,exact
0.01,1,0,1,exact
0.01,2,18508,1,exact
0.01,3,12,1,exact
0.01,4,80,1,exact
0.01,5,24959,1,exact
0.01,6,16418,1,exact
0.01,7,24769,1,exact
0.01,8,22562,1,exact
0.03,9,14161,1,exact
0.2,10,21419,1,exact
2.09,11,13631,1,exact
24.81,12,30080,1,exact
312.84,13,22912,1,exact
4391.49,14,19352,1,exact
0.01,1,0,1,exact
0.01,2,18508,1,exact
0.01,3,12,1,exact
0.01,4,80,1,exact
0.01,5,24959,1,exact
0.01,6,16418,1,exact
0.01,7,24769,1,exact
0.01,8,22562,1,exact
0.03,9,14161,1,exact
0.2,10,21419,1,exact
2.06,11,13631,1,exact
25.08,12,30080,1,exact
317.72,13,22912,1,exact
4358.76,14,19352,1,exact
0.01,1,0,1,exact
0.01,2,18508,1,exact
0.01,3,12,1,exact
0.01,4,80,1,exact
0.01,5,24959,1,exact
0.01,6,16418,1,exact
0.01,7,24769,1,exact
0.01,8,22562,1,exact
0.03,9,14161,1,exact
0.2,10,21419,1,exact
2.06,11,13631,1,exact
24.4,12,30080,1,exact
320.87,13,22912,1,exact
4434.6,14,19352,1,exact
0.01,1,0,1,exact
0.01,2,18508,1,exact
0.01,3,12,1,exact
0.01,4,80,1,exact
0.01,5,24959,1,exact
0.01,6,16418,1,exact
0.01,7,24769,1,exact
0.01,8,22562,1,exact
0.03,9,14161,1,exact
0.2,10,21419,1,exact
2.05,11,13631,1,exact
24.29,12,30080,1,exact
320.48,13,22912,1,exact
4834.73,14,19352,1,exact
0.01,1,0,1,exact
0.01,2,18508,1,exact
0.01,3,12,1,exact
0.01,4,80,1,exact
0.01,5,24959,1,exact
0.01,6,16418,1,exact
0.01,7,24769,1,exact
0.01,8,22562,1,exact
0.03,9,14161,1,exact
0.2,10,21419,1,exact
2.19,11,13631,1,exact
24.48,12,30080,1,exact
314.52,13,22912,1,exact
4393.02,14,19352,1,exact
0.01,1,0,1,exact
0.01,2,18508,1,exact
0.01,3,12,1,exact
0.01,4,80,1,exact
0.01,5,24959,1,exact
0.01,6,16418,1,exact
0.01,7,24769,1,exact
0.01,8,22562,1,exact
0.03,9,14161,1,exact
0.21,10,21419,1,exact
2.15,11,13631,1,exact
24.95,12,30080,1,exact
320.27,13,22912,1,exact
4717.27,14,19352,1,exact
0.01,1,0,1,exact
0.01,2,18508,1,exact
0.01,3,12,1,exact
0.01,4,80,1,exact
0.01,5,24959,1,exact
0.01,6,16418,1,exact
0.01,7,24769,1,exact
0.01,8,22562,1,exact
0.03,9,14161,1,exact
0.21,10,21419,1,exact
2.11,11,13631,1,exact
24.85,12,30080,1,exact
318.78,13,22912,1,exact
4422.53,14,19352,1,exact
0.01,1,0,1,exact
0.01,2,18508,1,exact
0.01,3,12,1,exact
0.01,4,80,1,exact
0.01,5,24959,1,exact
0.01,6,16418,1,exact
0.01,7,24769,1,exact
0.01,8,22562,1,exact
0.03,9,14161,1,exact
0.2,10,21419,1,exact
2.09,11,13631,1,exact
25.45,12,30080,1,exact
321.76,13,22912,1,exact
4443.69,14,19352,1,exact
0.04,1,0,1,approx
0.04,1,0,1,approx
0.04,1,0,1,approx
0.04,1,0,1,approx
0.04,1,0,1,approx
0.04,1,0,1,approx
0.04,1,0,1,approx
0.04,1,0,1,approx
0.04,2,18508,1,approx
0.04,2,18508,1,approx
0.04,2,18508,1,approx
0.04,2,18508,1,approx
0.04,2,18508,1,approx
0.04,2,18508,1,approx
0.04,2,18508,1,approx
0.04,2,18508,1,approx
0.04,3,12,1,approx
0.04,3,12,1,approx
0.04,3,12,1,approx
0.04,3,12,1,approx
0.04,3,12,1,approx
0.04,3,12,1,approx
0.04,3,12,1,approx
0.04,3,12,1,approx
1.1,4,80,1,approx
5.12,4,80,1,approx
10.17,4,80,1,approx
30.03,4,80,1,approx
60.14,4,80,1,approx
300.03,4,80,1,approx
600.21,4,80,1,approx
1200.17,4,80,1,approx
1.1,5,24959,1,approx
5.12,5,24959,1,approx
10.17,5,24959,1,approx
30.03,5,24959,1,approx
60.14,5,24959,1,approx
300.03,5,24959,1,approx
600.21,5,24959,1,approx
1200.17,5,24959,1,approx
1.1,6,16418,1,approx
5.12,6,16418,1,approx
10.04,6,16418,1,approx
30.17,6,16418,1,approx
60.03,6,16418,1,approx
300.17,6,16418,1,approx
600.14,6,16418,1,approx
1200.04,6,16418,1,approx
1.21,7,26095,1.05353466,approx
5.19,7,24769,1,approx
10.09,7,24769,1,approx
30.07,7,24769,1,approx
60.17,7,24769,1,approx
300.17,7,24769,1,approx
600.09,7,24769,1,approx
1200.21,7,24769,1,approx
1.19,8,22562,1,approx
5.07,8,22562,1,approx
10.14,8,22562,1,approx
30.2,8,22562,1,approx
60.23,8,22562,1,approx
300.11,8,22562,1,approx
600.12,8,22562,1,approx
1200.16,8,22562,1,approx
1.22,9,19574,1.382247016,approx
5.24,9,14161,1,approx
10.05,9,14161,1,approx
30.11,9,14161,1,approx
60.23,9,14161,1,approx
300.15,9,14161,1,approx
600.08,9,14161,1,approx
1200.07,9,14161,1,approx
1.26,10,22570,1.053737336,approx
5.28,10,21801,1.017834633,approx
10.27,10,21419,1,approx
30.03,10,21419,1,approx
60.26,10,21419,1,approx
300.04,10,21419,1,approx
600.24,10,21419,1,approx
1200.07,10,21419,1,approx
1.06,11,15598,1.144303426,approx
5.12,11,14968,1.098085247,approx
10.26,11,14835,1.088328076,approx
30.09,11,13631,1,approx
60.03,11,13631,1,approx
300.21,11,13631,1,approx
600.07,11,13631,1,approx
1200.21,11,13631,1,approx
1.11,12,34118,1.134242021,approx
5.24,12,31330,1.041555851,approx
10.17,12,32503,1.080551862,approx
30.05,12,30979,1.029886968,approx
60.19,12,30080,1,approx
300.04,12,30080,1,approx
600.14,12,30080,1,approx
1200.21,12,30080,1,approx
1.28,13,25852,1.128317039,approx
5.09,13,26710,1.165764665,approx
10.25,13,24198,1.056127793,approx
30.1,13,23723,1.035396299,approx
60.12,13,23723,1.035396299,approx
300.04,13,22912,1,approx
600.13,13,22912,1,approx
1200.24,13,22912,1,approx
1.31,14,26595,1.374276561,approx
5.18,14,21915,1.132441091,approx
10.19,14,21380,1.10479537,approx
30.1,14,21279,1.099576271,approx
60.03,14,19485,1.006872675,approx
300.19,14,19352,1,approx
600.27,14,19352,1,approx
1200.07,14,19352,1,approx
0.04,1,0,1,approx
0.04,1,0,1,approx
0.04,1,0,1,approx
0.04,1,0,1,approx
0.04,1,0,1,approx
0.04,1,0,1,approx
0.04,1,0,1,approx
0.04,1,0,1,approx
0.04,2,18508,1,approx
0.04,2,18508,1,approx
0.04,2,18508,1,approx
0.04,2,18508,1,approx
0.04,2,18508,1,approx
0.04,2,18508,1,approx
0.04,2,18508,1,approx
0.04,2,18508,1,approx
0.04,3,12,1,approx
0.04,3,12,1,approx
0.04,3,12,1,approx
0.04,3,12,1,approx
0.04,3,12,1,approx
0.04,3,12,1,approx
0.04,3,12,1,approx
0.04,3,12,1,approx
1.11,4,80,1,approx
5.09,4,80,1,approx
10.19,4,80,1,approx
30.12,4,80,1,approx
60.18,4,80,1,approx
300.22,4,80,1,approx
600.21,4,80,1,approx
1200.18,4,80,1,approx
1.03,5,24959,1,approx
5.06,5,24959,1,approx
10.14,5,24959,1,approx
30.12,5,24959,1,approx
60.22,5,24959,1,approx
300.14,5,24959,1,approx
600.18,5,24959,1,approx
1200.03,5,24959,1,approx
1.19,6,16418,1,approx
5.1,6,16418,1,approx
10.08,6,16418,1,approx
30.18,6,16418,1,approx
60.18,6,16418,1,approx
300.09,6,16418,1,approx
600.22,6,16418,1,approx
1200.05,6,16418,1,approx
1.26,7,24769,1,approx
5.11,7,24769,1,approx
10.05,7,24769,1,approx
30.08,7,24769,1,approx
60.09,7,24769,1,approx
300.15,7,24769,1,approx
600.26,7,24769,1,approx
1200.23,7,24769,1,approx
1.22,8,22562,1,approx
5.06,8,22562,1,approx
10.04,8,22562,1,approx
30.21,8,22562,1,approx
60.18,8,22562,1,approx
300.22,8,22562,1,approx
600.1,8,22562,1,approx
1200.11,8,22562,1,approx
1.2,9,19438,1.372643175,approx
5.04,9,14161,1,approx
10.05,9,14161,1,approx
30.23,9,14161,1,approx
60.14,9,14161,1,approx
300.19,9,14161,1,approx
600.03,9,14161,1,approx
1200.19,9,14161,1,approx
1.04,10,23764,1.109482235,approx
5.03,10,21634,1.010037817,approx
10.18,10,21419,1,approx
30.12,10,21419,1,approx
60.08,10,21419,1,approx
300.15,10,21419,1,approx
600.21,10,21419,1,approx
1200.22,10,21419,1,approx
1.04,11,18230,1.337392708,approx
5.1,11,15971,1.171667523,approx
10.09,11,13822,1.014012178,approx
30.11,11,14835,1.088328076,approx
60.09,11,13822,1.014012178,approx
300.04,11,13631,1,approx
600.04,11,13631,1,approx
1200.22,11,13631,1,approx
1.03,12,33771,1.122706117,approx
5.19,12,32546,1.081981383,approx
10.21,12,32736,1.088297872,approx
30.19,12,30719,1.021243351,approx
60.27,12,30719,1.021243351,approx
300.26,12,30080,1,approx
600.13,12,30080,1,approx
1200.1,12,30080,1,approx
1.05,13,26756,1.167772346,approx
5.16,13,24246,1.058222765,approx
10.26,13,25845,1.128011522,approx
30.18,13,24875,1.085675628,approx
60.22,13,24321,1.061496159,approx
300.18,13,23326,1.018069134,approx
600.22,13,22912,1,approx
1200.09,13,22912,1,approx
1.12,14,27465,1.419233154,approx
5.27,14,24201,1.250568417,approx
10.14,14,22091,1.141535759,approx
30.04,14,20797,1.074669285,approx
60.22,14,19352,1,approx
300.13,14,19352,1,approx
600.08,14,19485,1.006872675,approx
1200.12,14,19352,1,approx
0.04,1,0,1,approx
0.04,1,0,1,approx
0.04,1,0,1,approx
0.04,1,0,1,approx
0.04,1,0,1,approx
0.04,1,0,1,approx
0.04,1,0,1,approx
0.04,1,0,1,approx
0.04,2,18508,1,approx
0.04,2,18508,1,approx
0.04,2,18508,1,approx
0.04,2,18508,1,approx
0.04,2,18508,1,approx
0.04,2,18508,1,approx
0.04,2,18508,1,approx
0.04,2,18508,1,approx
0.04,3,12,1,approx
0.04,3,12,1,approx
0.04,3,12,1,approx
0.04,3,12,1,approx
0.04,3,12,1,approx
0.04,3,12,1,approx
0.04,3,12,1,approx
0.04,3,12,1,approx
1.1,4,80,1,approx
5.12,4,80,1,approx
10.17,4,80,1,approx
30.03,4,80,1,approx
60.14,4,80,1,approx
300.03,4,80,1,approx
600.21,4,80,1,approx
1200.17,4,80,1,approx
1.1,5,24959,1,approx
5.21,5,24959,1,approx
10.17,5,24959,1,approx
30.17,5,24959,1,approx
60.1,5,24959,1,approx
300.03,5,24959,1,approx
600.18,5,24959,1,approx
1200.07,5,24959,1,approx
1.18,6,16418,1,approx
5.27,6,16418,1,approx
10.19,6,16418,1,approx
30.07,6,16418,1,approx
60.07,6,16418,1,approx
300.25,6,16418,1,approx
600.18,6,16418,1,approx
1200.27,6,16418,1,approx
1.1,7,24976,1.008357221,approx
5.08,7,24769,1,approx
10.25,7,24769,1,approx
30.05,7,24769,1,approx
60.08,7,24769,1,approx
300.24,7,24769,1,approx
600.04,7,24769,1,approx
1200.13,7,24769,1,approx
1.2,8,23484,1.040865172,approx
5.13,8,23484,1.040865172,approx
10.08,8,22562,1,approx
30.23,8,22562,1,approx
60.12,8,22562,1,approx
300.21,8,22562,1,approx
600.11,8,22562,1,approx
1200.13,8,22562,1,approx
1.15,9,14161,1,approx
5.17,9,14161,1,approx
10.19,9,14161,1,approx
30.12,9,14161,1,approx
60.19,9,14161,1,approx
300.15,9,14161,1,approx
600.13,9,14161,1,approx
1200.11,9,14161,1,approx
1.23,10,22061,1.029973388,approx
5.29,10,21419,1,approx
10.22,10,21419,1,approx
30.12,10,21419,1,approx
60.11,10,21419,1,approx
300.09,10,21419,1,approx
600.09,10,21419,1,approx
1200.03,10,21419,1,approx
1.28,11,17348,1.272687257,approx
5.14,11,13822,1.014012178,approx
10.14,11,13822,1.014012178,approx
30.06,11,13822,1.014012178,approx
60.15,11,13631,1,approx
300.05,11,13631,1,approx
600.08,11,13631,1,approx
1200.28,11,13631,1,approx
1.08,12,30989,1.030219415,approx
5.19,12,30328,1.008244681,approx
10.08,12,30989,1.030219415,approx
30.12,12,30328,1.008244681,approx
60.22,12,30080,1,approx
300.04,12,30080,1,approx
600.2,12,30080,1,approx
1200.04,12,30080,1,approx
1.23,13,26288,1.147346369,approx
5.28,13,25278,1.103264665,approx
10.18,13,25999,1.134732891,approx
30.28,13,23847,1.04080831,approx
60.24,13,24198,1.056127793,approx
300.16,13,22912,1,approx
600.26,13,22912,1,approx
1200.19,13,22912,1,approx
1.11,14,20148,1.041132699,approx
5.07,14,20497,1.059167011,approx
10.3,14,21202,1.095597354,approx
30.09,14,20148,1.041132699,approx
60.05,14,20916,1.08081852,approx
300.05,14,19352,1,approx
600.18,14,19352,1,approx
1200.08,14,19352,1,approx
0.01,1,0,1,exact
0.01,2,18508,1,exact
0.01,3,12,1,exact
0.01,4,80,1,exact
0.01,5,24959,1,exact
0.01,6,16418,1,exact
0.01,7,24769,1,exact
0.01,8,22562,1,exact
0.04,9,14161,1,exact
0.22,10,21419,1,exact
2.2,11,13631,1,exact
26.72,12,30080,1,exact
329.24,13,22912,1,exact
5155.8,14,19352,1,exact
0.01,1,0,1,exact
0.01,2,18508,1,exact
0.01,3,12,1,exact
0.01,4,80,1,exact
0.01,5,24959,1,exact
0.01,6,16418,1,exact
0.01,7,24769,1,exact
0.01,8,22562,1,exact
0.03,9,14161,1,exact
0.22,10,21419,1,exact
2.47,11,13631,1,exact
29.22,12,30080,1,exact
381.6,13,22912,1,exact
5215.89,14,19352,1,exact
0.01,1,0,1,exact
0.01,2,18508,1,exact
0.01,3,12,1,exact
0.01,4,80,1,exact
0.01,5,24959,1,exact
0.01,6,16418,1,exact
0.01,7,24769,1,exact
0.01,8,22562,1,exact
0.03,9,14161,1,exact
0.26,10,21419,1,exact
2.39,11,13631,1,exact
28.82,12,30080,1,exact
367.08,13,22912,1,exact
5273.7,14,19352,1,exact
0.01,1,0,1,exact
0.01,2,18508,1,exact
0.01,3,12,1,exact
0.01,4,80,1,exact
0.01,5,24959,1,exact
0.01,6,16418,1,exact
0.01,7,24769,1,exact
0.01,8,22562,1,exact
0.03,9,14161,1,exact
0.25,10,21419,1,exact
2.44,11,13631,1,exact
29.37,12,30080,1,exact
369.07,13,22912,1,exact
5410.49,14,19352,1,exact
0.01,1,0,1,exact
0.01,2,18508,1,exact
0.01,3,12,1,exact
0.01,4,80,1,exact
0.01,5,24959,1,exact
0.01,6,16418,1,exact
0.01,7,24769,1,exact
0.01,8,22562,1,exact
0.03,9,14161,1,exact
0.24,10,21419,1,exact
2.75,11,13631,1,exact
31.91,12,30080,1,exact
415.03,13,22912,1,exact
5811.18,14,19352,1,exact
0.02,1,0,1,exact
0.01,2,18508,1,exact
0.01,3,12,1,exact
0.01,4,80,1,exact
0.01,5,24959,1,exact
0.01,6,16418,1,exact
0.01,7,24769,1,exact
0.01,8,22562,1,exact
0.04,9,14161,1,exact
0.25,10,21419,1,exact
2.87,11,13631,1,exact
31.82,12,30080,1,exact
410.82,13,22912,1,exact
5557.58,14,19352,1,exact
0.01,1,0,1,exact
0.01,2,18508,1,exact
0.01,3,12,1,exact
0.01,4,80,1,exact
0.01,5,24959,1,exact
0.01,6,16418,1,exact
0.01,7,24769,1,exact
0.01,8,22562,1,exact
0.04,9,14161,1,exact
0.23,10,21419,1,exact
2.85,11,13631,1,exact
31.52,12,30080,1,exact
401.4,13,22912,1,exact
5540.3,14,19352,1,exact
0.01,1,0,1,exact
0.01,2,18508,1,exact
0.01,3,12,1,exact
0.01,4,80,1,exact
0.01,5,24959,1,exact
0.01,6,16418,1,exact
0.01,7,24769,1,exact
0.01,8,22562,1,exact
0.03,9,14161,1,exact
0.28,10,21419,1,exact
2.61,11,13631,1,exact
30.57,12,30080,1,exact
397.7,13,22912,1,exact
5600.14,14,19352,1,exact
0.01,1,0,1,exact
0.01,2,18508,1,exact
0.01,3,12,1,exact
0.01,4,80,1,exact
0.01,5,24959,1,exact
0.01,6,16418,1,exact
0.01,7,24769,1,exact
0.01,8,22562,1,exact
0.03,9,14161,1,exact
0.23,10,21419,1,exact
2.61,11,13631,1,exact
31.25,12,30080,1,exact
406.17,13,22912,1,exact
5518.02,14,19352,1,exact
0.01,1,0,1,exact
0.01,2,18508,1,exact
0.01,3,12,1,exact
0.01,4,80,1,exact
0.01,5,24959,1,exact
0.01,6,16418,1,exact
0.01,7,24769,1,exact
0.01,8,22562,1,exact
0.05,9,14161,1,exact
0.24,10,21419,1,exact
2.49,11,13631,1,exact
30.47,12,30080,1,exact
400.05,13,22912,1,exact
5555.79,14,19352,1,exact
0.01,1,0,1,exact
0.01,2,18508,1,exact
0.01,3,12,1,exact
0.01,4,80,1,exact
0.01,5,24959,1,exact
0.01,6,16418,1,exact
0.01,7,24769,1,exact
0.01,8,22562,1,exact
0.03,9,14161,1,exact
0.22,10,21419,1,exact
2.52,11,13631,1,exact
31.4,12,30080,1,exact
412.98,13,22912,1,exact
5528.39,14,19352,1,exact
1.14,15,25650,1.453504845,approx
5.06,15,23290,1.319771066,approx
10.26,15,21105,1.195953987,approx
30.11,15,21230,1.203037343,approx
60.14,15,18010,1.020570069,approx
300.08,15,18158,1.028956763,approx
600.05,15,17647,1,approx
1200.12,15,18010,1.020570069,approx
1.13,15,21909,1.241514138,approx
5.11,15,23167,1.312801043,approx
10.17,15,22063,1.250240834,approx
30.16,15,21142,1.19805066,approx
60.3,15,19414,1.100130334,approx
300.03,15,18158,1.028956763,approx
600.06,15,18158,1.028956763,approx
1200.11,15,18158,1.028956763,approx
1.19,15,28964,1.641298804,approx
5.06,15,24511,1.388961297,approx
10.27,15,21580,1.222870743,approx
30.25,15,18718,1.060690202,approx
60.06,15,19662,1.114183714,approx
300.06,15,18158,1.028956763,approx
600.05,15,18010,1.020570069,approx
1200.31,15,18577,1.052700176,approx
1.12,15,26347,1.493001643,approx
5.04,15,19120,1.083470278,approx
10.25,15,22040,1.248937496,approx
30.21,15,20215,1.145520485,approx
60.17,15,18907,1.071400238,approx
300.08,15,18010,1.020570069,approx
600.24,15,17647,1,approx
1200.28,15,18158,1.028956763,approx
1.17,15,24774,1.40386468,approx
5.16,15,21599,1.223947413,approx
10.14,15,20690,1.172437241,approx
30.23,15,20420,1.15713719,approx
60.04,15,19058,1.079956933,approx
300.06,15,19082,1.081316938,approx
600.25,15,17647,1,approx
1200.12,15,17647,1,approx
1.14,15,24910,1.411571372,approx
5.04,15,25942,1.470051567,approx
10.08,15,20807,1.179067264,approx
30.07,15,20321,1.151527172,approx
60.18,15,19735,1.118320394,approx
300.22,15,18417,1.043633479,approx
600.17,15,18010,1.020570069,approx
1200.22,15,18010,1.020570069,approx
1.13,15,22947,1.300334334,approx
5.04,15,19105,1.082620275,approx
10.24,15,22109,1.252847509,approx
30.06,15,20131,1.140760469,approx
60.33,15,18744,1.062163541,approx
300.24,15,17647,1,approx
600.27,15,17647,1,approx
1200.12,15,18563,1.05190684,approx
1.14,15,26008,1.473791579,approx
5.2,15,23653,1.340341134,approx
10.19,15,22819,1.293080977,approx
30.15,15,20309,1.150847169,approx
60.15,15,18991,1.076160254,approx
300.28,15,18158,1.028956763,approx
600.26,15,17647,1,approx
1200.19,15,18130,1.027370091,approx
1.15,15,26464,1.499631665,approx
5.16,15,20427,1.157533858,approx
10.06,15,22399,1.269280898,approx
30.07,15,19603,1.110840369,approx
60.14,15,18577,1.052700176,approx
300.27,15,18601,1.05406018,approx
600.09,15,17647,1,approx
1200.25,15,18563,1.05190684,approx
1.08,15,25276,1.432311441,approx
5.24,15,22843,1.294440981,approx
10.28,15,18601,1.05406018,approx
30.08,15,19786,1.121210404,approx
60.03,15,18601,1.05406018,approx
300.24,15,18010,1.020570069,approx
600.13,15,18417,1.043633479,approx
1200.06,15,18010,1.020570069,approx
1.13,15,24653,1.39700799,approx
5.04,15,22413,1.270074234,approx
10.04,15,21885,1.240154134,approx
30.05,15,18577,1.052700176,approx
60.16,15,21467,1.216467388,approx
300.28,15,18950,1.073836913,approx
600.15,15,18601,1.05406018,approx
1200.09,15,18010,1.020570069,approx
1.12,15,25647,1.453334844,approx
5.29,15,20857,1.181900606,approx
10.12,15,22805,1.292287641,approx
30.16,15,18744,1.062163541,approx
60.25,15,20535,1.163653879,approx
300.24,15,18417,1.043633479,approx
600.23,15,18010,1.020570069,approx
1200.27,15,18010,1.020570069,approx
1.05,15,24100,1.365671219,approx
5.12,15,23572,1.335751119,approx
10.19,15,21543,1.220774069,approx
30.2,15,18950,1.073836913,approx
60.14,15,19760,1.119737066,approx
300.2,15,18563,1.05190684,approx
600.08,15,18010,1.020570069,approx
1200.21,15,18010,1.020570069,approx
1.16,15,24353,1.380007933,approx
5.2,15,24603,1.394174647,approx
10.22,15,22890,1.297104324,approx
30.09,15,19786,1.121210404,approx
60.11,15,20430,1.157703859,approx
300.21,15,18584,1.053096844,approx
600.04,15,18010,1.020570069,approx
1200.15,15,18130,1.027370091,approx
1.08,15,23392,1.325551085,approx
5.27,15,21580,1.222870743,approx
10.29,15,21194,1.200997337,approx
30.27,15,18584,1.053096844,approx
60.31,15,18718,1.060690202,approx
300.09,15,18584,1.053096844,approx
600.24,15,18417,1.043633479,approx
1200.14,15,18130,1.027370091,approx
1.11,15,28068,1.590525302,approx
5.23,15,24977,1.415368051,approx
10.29,15,19105,1.082620275,approx
30.18,15,21722,1.230917436,approx
60.16,15,19082,1.081316938,approx
300.22,15,18010,1.020570069,approx
600.1,15,18584,1.053096844,approx
1200.07,15,18010,1.020570069,approx
1.15,15,26451,1.498894996,approx
5.17,15,22677,1.285034283,approx
10.13,15,18744,1.062163541,approx
30.1,15,21228,1.20292401,approx
60.28,15,18130,1.027370091,approx
300.29,15,18742,1.062050207,approx
600.28,15,18010,1.020570069,approx
1200.29,15,17647,1,approx
1.09,15,23454,1.32906443,approx
5.25,15,22181,1.256927523,approx
10.33,15,22549,1.277780926,approx
30.07,15,19905,1.12795376,approx
60.07,15,19512,1.105683686,approx
300.08,15,18601,1.05406018,approx
600.19,15,18010,1.020570069,approx
1200.33,15,17647,1,approx
1.1,15,25349,1.436448121,approx
5.07,15,24436,1.384711282,approx
10.05,15,22399,1.269280898,approx
30.19,15,20000,1.133337111,approx
60.23,15,20322,1.151583839,approx
300.09,15,18563,1.05190684,approx
600.06,15,18563,1.05190684,approx
1200.14,15,18010,1.020570069,approx
1.18,15,23590,1.336771123,approx
5.08,15,23266,1.318411061,approx
10.29,15,22914,1.298464328,approx
30.1,15,18950,1.073836913,approx
60.17,15,18753,1.062673542,approx
300.22,15,18158,1.028956763,approx
600.17,15,17647,1,approx
1200.33,15,18417,1.043633479,approx
1.11,15,27110,1.536238454,approx
5.21,15,20330,1.152037173,approx
10.26,15,19453,1.102340341,approx
30.17,15,20069,1.137247124,approx
60.08,15,18417,1.043633479,approx
300.11,15,18744,1.062163541,approx
600.06,15,17647,1,approx
1200.27,15,17647,1,approx
81171.98,15,17647,1,exact
0.04,1,0,1,approx
0.04,1,0,1,approx
0.04,1,0,1,approx
0.04,1,0,1,approx
0.04,1,0,1,approx
0.04,1,0,1,approx
0.04,1,0,1,approx
0.04,1,0,1,approx
0.04,2,18508,1,approx
0.04,2,18508,1,approx
0.04,2,18508,1,approx
0.04,2,18508,1,approx
0.04,2,18508,1,approx
0.04,2,18508,1,approx
0.04,2,18508,1,approx
0.04,2,18508,1,approx
0.04,3,12,1,approx
0.04,3,12,1,approx
0.04,3,12,1,approx
0.04,3,12,1,approx
0.04,3,12,1,approx
0.04,3,12,1,approx
0.04,3,12,1,approx
0.04,3,12,1,approx
1.1,4,80,1,approx
5.12,4,80,1,approx
10.17,4,80,1,approx
30.03,4,80,1,approx
60.14,4,80,1,approx
300.03,4,80,1,approx
600.21,4,80,1,approx
1200.17,4,80,1,approx
1.1,5,24959,1,approx
5.12,5,24959,1,approx
10.17,5,24959,1,approx
30.03,5,24959,1,approx
60.14,5,24959,1,approx
300.03,5,24959,1,approx
600.21,5,24959,1,approx
1200.17,5,24959,1,approx
1.04,6,16418,1,approx
5.2,6,16418,1,approx
10.22,6,16418,1,approx
30.1,6,16418,1,approx
60.09,6,16418,1,approx
300.19,6,16418,1,approx
600.22,6,16418,1,approx
1200.11,6,16418,1,approx
1.1,7,24769,1,approx
5.3,7,24769,1,approx
10.16,7,24769,1,approx
30.13,7,24769,1,approx
60.06,7,24769,1,approx
300.13,7,24769,1,approx
600.13,7,24769,1,approx
1200.04,7,24769,1,approx
1.09,8,22562,1,approx
5.19,8,22562,1,approx
10.13,8,22562,1,approx
30.21,8,22562,1,approx
60.22,8,22562,1,approx
300.19,8,22562,1,approx
600.29,8,22562,1,approx
1200.22,8,22562,1,approx
1.24,9,14161,1,approx
5.17,9,14161,1,approx
10.16,9,14161,1,approx
30.03,9,14161,1,approx
60.11,9,14161,1,approx
300.17,9,14161,1,approx
600.03,9,14161,1,approx
1200.15,9,14161,1,approx
1.07,10,23999,1.120453803,approx
5.08,10,21419,1,approx
10.07,10,21419,1,approx
30.12,10,21419,1,approx
60.2,10,21419,1,approx
300.2,10,21419,1,approx
600.05,10,21419,1,approx
1200.08,10,21419,1,approx
1.06,11,16151,1.184872717,approx
5.16,11,14835,1.088328076,approx
10.05,11,14835,1.088328076,approx
30.08,11,14853,1.089648595,approx
60.12,11,13822,1.014012178,approx
300.21,11,13631,1,approx
600.29,11,13631,1,approx
1200.18,11,13631,1,approx
1.06,12,32928,1.094680851,approx
5.12,12,30979,1.029886968,approx
10.17,12,30719,1.021243351,approx
30.29,12,30989,1.030219415,approx
60.19,12,30080,1,approx
300.12,12,30080,1,approx
600.17,12,30080,1,approx
1200.07,12,30080,1,approx
1.04,13,26949,1.17619588,approx
5.16,13,25588,1.116794693,approx
10.03,13,24875,1.085675628,approx
30.13,13,24081,1.051021299,approx
60.13,13,23443,1.023175628,approx
300.05,13,22912,1,approx
600.24,13,22912,1,approx
1200.08,13,22912,1,approx
1.05,14,22319,1.153317487,approx
5.23,14,20837,1.076736255,approx
10.05,14,20962,1.083195535,approx
30.08,14,20497,1.059167011,approx
60.1,14,20002,1.03358826,approx
300.11,14,19352,1,approx
600.07,14,19969,1.03188301,approx
1200.12,14,19352,1,approx
0.04,1,0,1,approx
0.04,1,0,1,approx
0.04,1,0,1,approx
0.04,1,0,1,approx
0.04,1,0,1,approx
0.04,1,0,1,approx
0.04,1,0,1,approx
0.04,1,0,1,approx
0.04,2,18508,1,approx
0.04,2,18508,1,approx
0.04,2,18508,1,approx
0.04,2,18508,1,approx
0.04,2,18508,1,approx
0.04,2,18508,1,approx
0.04,2,18508,1,approx
0.04,2,18508,1,approx
0.04,3,12,1,approx
0.04,3,12,1,approx
0.04,3,12,1,approx
0.04,3,12,1,approx
0.04,3,12,1,approx
0.04,3,12,1,approx
0.04,3,12,1,approx
0.04,3,12,1,approx
1.1,4,80,1,approx
5.12,4,80,1,approx
10.17,4,80,1,approx
30.03,4,80,1,approx
60.14,4,80,1,approx
300.03,4,80,1,approx
600.21,4,80,1,approx
1200.17,4,80,1,approx
1.1,5,24959,1,approx
5.12,5,24959,1,approx
10.17,5,24959,1,approx
30.03,5,24959,1,approx
60.14,5,24959,1,approx
300.03,5,24959,1,approx
600.21,5,24959,1,approx
1200.17,5,24959,1,approx
1.27,6,16757,1.020648069,approx
5.07,6,16418,1,approx
10.11,6,16418,1,approx
30.18,6,16418,1,approx
60.19,6,16418,1,approx
300.16,6,16418,1,approx
600.06,6,16418,1,approx
1200.16,6,16418,1,approx
1.16,7,24769,1,approx
5.1,7,24769,1,approx
10.19,7,24769,1,approx
30.24,7,24769,1,approx
60.04,7,24769,1,approx
300.11,7,24769,1,approx
600.14,7,24769,1,approx
1200.04,7,24769,1,approx
1.24,8,23484,1.040865172,approx
5.17,8,22562,1,approx
10.17,8,22562,1,approx
30.11,8,22562,1,approx
60.16,8,22562,1,approx
300.04,8,22562,1,approx
600.14,8,22562,1,approx
1200.07,8,22562,1,approx
1.19,9,18025,1.272862086,approx
5.19,9,14161,1,approx
10.21,9,14161,1,approx
30.24,9,14161,1,approx
60.1,9,14161,1,approx
300.22,9,14161,1,approx
600.18,9,14161,1,approx
1200.12,9,14161,1,approx
1.27,10,22405,1.046033895,approx
5.27,10,21419,1,approx
10.07,10,21419,1,approx
30.15,10,21419,1,approx
60.03,10,21419,1,approx
300.11,10,21419,1,approx
600.23,10,21419,1,approx
1200.12,10,21419,1,approx
1.23,11,17653,1.295062725,approx
5.1,11,15418,1.131098232,approx
10.1,11,14835,1.088328076,approx
30.1,11,14835,1.088328076,approx
60.19,11,13822,1.014012178,approx
300.33,11,13631,1,approx
600.26,11,13631,1,approx
1200.15,11,13631,1,approx
1.24,12,32736,1.088297872,approx
5.13,12,31330,1.041555851,approx
10.2,12,30719,1.021243351,approx
30.1,12,30328,1.008244681,approx
60.03,12,30328,1.008244681,approx
300.22,12,30080,1,approx
600.27,12,30080,1,approx
1200.13,12,30080,1,approx
1.26,13,28274,1.234025838,approx
5.24,13,23847,1.04080831,approx
10.28,13,24363,1.06332926,approx
30.06,13,24246,1.058222765,approx
60.26,13,23326,1.018069134,approx
300.09,13,22912,1,approx
600.05,13,22912,1,approx
1200.06,13,22912,1,approx
1.03,14,22708,1.173418768,approx
5.06,14,23213,1.199514262,approx
10.07,14,22203,1.147323274,approx
30.12,14,20479,1.058236875,approx
60.11,14,20913,1.080663497,approx
300.06,14,20148,1.041132699,approx
600.16,14,19352,1,approx
1200.1,14,19352,1,approx
0.04,1,0,1,approx
0.04,1,0,1,approx
0.04,1,0,1,approx
0.04,1,0,1,approx
0.04,1,0,1,approx
0.04,1,0,1,approx
0.04,1,0,1,approx
0.04,1,0,1,approx
0.04,2,18508,1,approx
0.04,2,18508,1,approx
0.04,2,18508,1,approx
0.04,2,18508,1,approx
0.04,2,18508,1,approx
0.04,2,18508,1,approx
0.04,2,18508,1,approx
0.04,2,18508,1,approx
0.04,3,12,1,approx
0.04,3,12,1,approx
0.04,3,12,1,approx
0.04,3,12,1,approx
0.04,3,12,1,approx
0.04,3,12,1,approx
0.04,3,12,1,approx
0.04,3,12,1,approx
1.1,4,80,1,approx
5.12,4,80,1,approx
10.17,4,80,1,approx
30.03,4,80,1,approx
60.14,4,80,1,approx
300.03,4,80,1,approx
600.21,4,80,1,approx
1200.17,4,80,1,approx
1.1,5,24959,1,approx
5.12,5,24959,1,approx
10.17,5,24959,1,approx
30.03,5,24959,1,approx
60.14,5,24959,1,approx
300.03,5,24959,1,approx
600.21,5,24959,1,approx
1200.17,5,24959,1,approx
1.19,6,16418,1,approx
5.22,6,16418,1,approx
10.27,6,16418,1,approx
30.17,6,16418,1,approx
60.21,6,16418,1,approx
300.23,6,16418,1,approx
600.24,6,16418,1,approx
1200.07,6,16418,1,approx
1.22,7,24769,1,approx
5.05,7,24769,1,approx
10.18,7,24769,1,approx
30.12,7,24769,1,approx
60.04,7,24769,1,approx
300.12,7,24769,1,approx
600.15,7,24769,1,approx
1200.07,7,24769,1,approx
1.21,8,22562,1,approx
5.14,8,22562,1,approx
10.16,8,22562,1,approx
30.09,8,22562,1,approx
60.22,8,22562,1,approx
300.24,8,22562,1,approx
600.14,8,22562,1,approx
1200.16,8,22562,1,approx
1.18,9,14161,1,approx
5.06,9,17853,1.260716051,approx
10.24,9,14161,1,approx
30.14,9,14161,1,approx
60.16,9,14161,1,approx
300.12,9,14161,1,approx
600.21,9,14161,1,approx
1200.18,9,14161,1,approx
1.2,10,22793,1.064148653,approx
5.05,10,21419,1,approx
10.23,10,21419,1,approx
30.22,10,21419,1,approx
60.06,10,21419,1,approx
300.21,10,21419,1,approx
600.23,10,21419,1,approx
1200.12,10,21419,1,approx
1.14,11,16184,1.187293669,approx
5.23,11,15418,1.131098232,approx
10.17,11,13822,1.014012178,approx
30.07,11,13822,1.014012178,approx
60.09,11,13822,1.014012178,approx
300.21,11,13631,1,approx
600.15,11,13631,1,approx
1200.11,11,13631,1,approx
1.26,12,32499,1.080418883,approx
5.19,12,30719,1.021243351,approx
10.24,12,32155,1.068982713,approx
30.17,12,30719,1.021243351,approx
60.06,12,30080,1,approx
300.17,12,30080,1,approx
600.04,12,30080,1,approx
1200.21,12,30080,1,approx
1.22,13,28185,1.230141411,approx
5.22,13,24864,1.085195531,approx
10.11,13,23655,1.032428422,approx
30.19,13,23443,1.023175628,approx
60.19,13,23326,1.018069134,approx
300.16,13,22912,1,approx
600.23,13,23031,1.005193785,approx
1200.07,13,22912,1,approx
1.23,14,23036,1.190367921,approx
5.14,14,24185,1.249741629,approx
10.11,14,21602,1.116267053,approx
30.18,14,21375,1.104536999,approx
60.08,14,20300,1.048987185,approx
300.04,14,19352,1,approx
600.15,14,19352,1,approx
1200.03,14,19969,1.03188301,approx
0.04,1,0,1,approx
0.04,1,0,1,approx
0.04,1,0,1,approx
0.04,1,0,1,approx
0.04,1,0,1,approx
0.04,1,0,1,approx
0.04,1,0,1,approx
0.04,1,0,1,approx
0.04,2,18508,1,approx
0.04,2,18508,1,approx
0.04,2,18508,1,approx
0.04,2,18508,1,approx
0.04,2,18508,1,approx
0.04,2,18508,1,approx
0.04,2,18508,1,approx
0.04,2,18508,1,approx
0.04,3,12,1,approx
0.04,3,12,1,approx
0.04,3,12,1,approx
0.04,3,12,1,approx
0.04,3,12,1,approx
0.04,3,12,1,approx
0.04,3,12,1,approx
0.04,3,12,1,approx
1.1,4,80,1,approx
5.12,4,80,1,approx
10.17,4,80,1,approx
30.03,4,80,1,approx
60.14,4,80,1,approx
300.03,4,80,1,approx
600.21,4,80,1,approx
1200.17,4,80,1,approx
1.1,5,24959,1,approx
5.12,5,24959,1,approx
10.17,5,24959,1,approx
30.03,5,24959,1,approx
60.14,5,24959,1,approx
300.03,5,24959,1,approx
600.21,5,24959,1,approx
1200.17,5,24959,1,approx
1.13,6,16418,1,approx
5.08,6,16418,1,approx
10.12,6,16418,1,approx
30.22,6,16418,1,approx
60.14,6,16418,1,approx
300.08,6,16418,1,approx
600.15,6,16418,1,approx
1200.04,6,16418,1,approx
1.13,7,24769,1,approx
5.1,7,24769,1,approx
10.11,7,24769,1,approx
30.15,7,24769,1,approx
60.14,7,24769,1,approx
300.07,7,24769,1,approx
600.09,7,24769,1,approx
1200.03,7,24769,1,approx
1.15,8,22562,1,approx
5.08,8,22562,1,approx
10.08,8,22562,1,approx
30.26,8,22562,1,approx
60.08,8,22562,1,approx
300.06,8,22562,1,approx
600.15,8,22562,1,approx
1200.05,8,22562,1,approx
1.1,9,18025,1.272862086,approx
5.08,9,17853,1.260716051,approx
10.17,9,14161,1,approx
30.18,9,14161,1,approx
60.1,9,14161,1,approx
300.21,9,14161,1,approx
600.17,9,14161,1,approx
1200.19,9,14161,1,approx
1.17,10,22827,1.065736029,approx
5.23,10,21634,1.010037817,approx
10.23,10,21419,1,approx
30.11,10,21419,1,approx
60.03,10,21419,1,approx
300.04,10,21419,1,approx
600.03,10,21419,1,approx
1200.14,10,21419,1,approx
1.05,11,20809,1.526593794,approx
5.11,11,15971,1.171667523,approx
10.11,11,13822,1.014012178,approx
30.26,11,13631,1,approx
60.09,11,13631,1,approx
300.13,11,13631,1,approx
600.17,11,13631,1,approx
1200.1,11,13631,1,approx
1.22,12,37382,1.24275266,approx
5.11,12,31733,1.054953457,approx
10.07,12,31370,1.042885638,approx
30.04,12,31370,1.042885638,approx
60.23,12,30080,1,approx
300.19,12,30080,1,approx
600.13,12,30080,1,approx
1200.26,12,30080,1,approx
1.22,13,27821,1.214254539,approx
5.04,13,25406,1.108851257,approx
10.12,13,25395,1.108371159,approx
30.14,13,22912,1,approx
60.25,13,23443,1.023175628,approx
300.18,13,22912,1,approx
600.1,13,22912,1,approx
1200.15,13,22912,1,approx
1.21,14,23853,1.232585779,approx
5.16,14,23137,1.195587019,approx
10.13,14,21798,1.126395205,approx
30.18,14,21029,1.08665771,approx
60.29,14,21029,1.08665771,approx
300.24,14,19352,1,approx
600.03,14,19352,1,approx
1200.23,14,19485,1.006872675,approx
0.04,1,0,1,approx
0.04,1,0,1,approx
0.04,1,0,1,approx
0.04,1,0,1,approx
0.04,1,0,1,approx
0.04,1,0,1,approx
0.04,1,0,1,approx
0.04,1,0,1,approx
0.04,2,18508,1,approx
0.04,2,18508,1,approx
0.04,2,18508,1,approx
0.04,2,18508,1,approx
0.04,2,18508,1,approx
0.04,2,18508,1,approx
0.04,2,18508,1,approx
0.04,2,18508,1,approx
0.04,3,12,1,approx
0.04,3,12,1,approx
0.04,3,12,1,approx
0.04,3,12,1,approx
0.04,3,12,1,approx
0.04,3,12,1,approx
0.04,3,12,1,approx
0.04,3,12,1,approx
1.1,4,80,1,approx
5.12,4,80,1,approx
10.17,4,80,1,approx
30.03,4,80,1,approx
60.14,4,80,1,approx
300.03,4,80,1,approx
600.21,4,80,1,approx
1200.17,4,80,1,approx
1.1,5,24959,1,approx
5.12,5,24959,1,approx
10.17,5,24959,1,approx
30.03,5,24959,1,approx
60.14,5,24959,1,approx
300.03,5,24959,1,approx
600.21,5,24959,1,approx
1200.17,5,24959,1,approx
1.2,6,16418,1,approx
5.23,6,16418,1,approx
10.05,6,16418,1,approx
30.19,6,16418,1,approx
60.13,6,16418,1,approx
300.15,6,16418,1,approx
600.2,6,16418,1,approx
1200.23,6,16418,1,approx
1.1,7,24769,1,approx
5.03,7,24769,1,approx
10.16,7,24769,1,approx
30.1,7,24769,1,approx
60.22,7,24769,1,approx
300.1,7,24769,1,approx
600.05,7,24769,1,approx
1200.11,7,24769,1,approx
1.18,8,24379,1.080533641,approx
5.2,8,22562,1,approx
10.13,8,22562,1,approx
30.21,8,22562,1,approx
60.17,8,22562,1,approx
300.11,8,22562,1,approx
600.17,8,22562,1,approx
1200.17,8,22562,1,approx
1.19,9,14161,1,approx
5.22,9,14161,1,approx
10.03,9,14161,1,approx
30.24,9,14161,1,approx
60.1,9,14161,1,approx
300.08,9,14161,1,approx
600.07,9,14161,1,approx
1200.21,9,14161,1,approx
1.19,10,22793,1.064148653,approx
5.05,10,21419,1,approx
10.03,10,21634,1.010037817,approx
30.1,10,21419,1,approx
60.14,10,21419,1,approx
300.15,10,21419,1,approx
600.22,10,21419,1,approx
1200.15,10,21419,1,approx
1.04,11,17391,1.275841831,approx
5.1,11,14835,1.088328076,approx
10.22,11,14835,1.088328076,approx
30.06,11,13822,1.014012178,approx
60.12,11,13631,1,approx
300.11,11,13631,1,approx
600.2,11,13631,1,approx
1200.24,11,13631,1,approx
1.2,12,34237,1.138198138,approx
5.07,12,30719,1.021243351,approx
10.12,12,30989,1.030219415,approx
30.11,12,30080,1,approx
60.24,12,30080,1,approx
300.09,12,30080,1,approx
600.03,12,30080,1,approx
1200.16,12,30080,1,approx
1.24,13,25017,1.091873254,approx
5.17,13,24081,1.051021299,approx
10.14,13,25869,1.129059008,approx
30.18,13,23031,1.005193785,approx
60.24,13,23655,1.032428422,approx
300.23,13,23326,1.018069134,approx
600.18,13,22912,1,approx
1200.16,13,22912,1,approx
1.23,14,23830,1.231397272,approx
5.12,14,20300,1.048987185,approx
10.08,14,19969,1.03188301,approx
30.13,14,20277,1.047798677,approx
60.24,14,20277,1.047798677,approx
300.2,14,19969,1.03188301,approx
600.08,14,19352,1,approx
1200.24,14,19352,1,approx
0.04,1,0,1,approx
0.04,1,0,1,approx
0.04,1,0,1,approx
0.04,1,0,1,approx
0.04,1,0,1,approx
0.04,1,0,1,approx
0.04,1,0,1,approx
0.04,1,0,1,approx
0.04,2,18508,1,approx
0.04,2,18508,1,approx
0.04,2,18508,1,approx
0.04,2,18508,1,approx
0.04,2,18508,1,approx
0.04,2,18508,1,approx
0.04,2,18508,1,approx
0.04,2,18508,1,approx
0.04,3,12,1,approx
0.04,3,12,1,approx
0.04,3,12,1,approx
0.04,3,12,1,approx
0.04,3,12,1,approx
0.04,3,12,1,approx
0.04,3,12,1,approx
0.04,3,12,1,approx
1.1,4,80,1,approx
5.12,4,80,1,approx
10.17,4,80,1,approx
30.03,4,80,1,approx
60.14,4,80,1,approx
300.03,4,80,1,approx
600.21,4,80,1,approx
1200.17,4,80,1,approx
1.1,5,24959,1,approx
5.12,5,24959,1,approx
10.17,5,24959,1,approx
30.03,5,24959,1,approx
60.14,5,24959,1,approx
300.03,5,24959,1,approx
600.21,5,24959,1,approx
1200.17,5,24959,1,approx
1.18,6,16418,1,approx
5.06,6,16418,1,approx
10.03,6,16418,1,approx
30.08,6,16418,1,approx
60.21,6,16418,1,approx
300.06,6,16418,1,approx
600.09,6,16418,1,approx
1200.08,6,16418,1,approx
1.2,7,24769,1,approx
5.13,7,24769,1,approx
10.06,7,24769,1,approx
30.11,7,24769,1,approx
60.24,7,24769,1,approx
300.16,7,24769,1,approx
600.17,7,24769,1,approx
1200.08,7,24769,1,approx
1.25,8,22562,1,approx
5.17,8,22562,1,approx
10.21,8,22562,1,approx
30.24,8,22562,1,approx
60.11,8,22562,1,approx
300.15,8,22562,1,approx
600.09,8,22562,1,approx
1200.11,8,22562,1,approx
1.19,9,22164,1.565143705,approx
5.24,9,14161,1,approx
10.24,9,14161,1,approx
30.06,9,14161,1,approx
60.23,9,14161,1,approx
300.17,9,14161,1,approx
600.12,9,14161,1,approx
1200.16,9,14161,1,approx
1.16,10,21419,1,approx
5.24,10,21801,1.017834633,approx
10.17,10,21419,1,approx
30.2,10,21419,1,approx
60.1,10,21419,1,approx
300.05,10,21419,1,approx
600.21,10,21419,1,approx
1200.08,10,21419,1,approx
1.19,11,19340,1.418824738,approx
5.2,11,13822,1.014012178,approx
10.2,11,15282,1.121120974,approx
30.11,11,13631,1,approx
60.25,11,13631,1,approx
300.06,11,13631,1,approx
600.03,11,13631,1,approx
1200.17,11,13631,1,approx
1.3,12,32859,1.092386968,approx
5.25,12,31330,1.041555851,approx
10.23,12,31640,1.051861702,approx
30.17,12,30719,1.021243351,approx
60.17,12,30080,1,approx
300.13,12,30080,1,approx
600.21,12,30080,1,approx
1200.15,12,30080,1,approx
1.19,13,28671,1.251353003,approx
5.13,13,24892,1.086417598,approx
10.17,13,24363,1.06332926,approx
30.24,13,23723,1.035396299,approx
60.03,13,22912,1,approx
300.18,13,22912,1,approx
600.04,13,22912,1,approx
1200.04,13,22912,1,approx
1.17,14,26382,1.363269946,approx
5.06,14,20962,1.083195535,approx
10.05,14,20962,1.083195535,approx
30.21,14,20393,1.05379289,approx
60.23,14,20393,1.05379289,approx
300.13,14,19969,1.03188301,approx
600.1,14,19352,1,approx
1200.03,14,19352,1,approx
0.04,1,0,1,approx
0.04,1,0,1,approx
0.04,1,0,1,approx
0.04,1,0,1,approx
0.04,1,0,1,approx
0.04,1,0,1,approx
0.04,1,0,1,approx
0.04,1,0,1,approx
0.04,2,18508,1,approx
0.04,2,18508,1,approx
0.04,2,18508,1,approx
0.04,2,18508,1,approx
0.04,2,18508,1,approx
0.04,2,18508,1,approx
0.04,2,18508,1,approx
0.04,2,18508,1,approx
0.04,3,12,1,approx
0.04,3,12,1,approx
0.04,3,12,1,approx
0.04,3,12,1,approx
0.04,3,12,1,approx
0.04,3,12,1,approx
0.04,3,12,1,approx
0.04,3,12,1,approx
1.1,4,80,1,approx
5.12,4,80,1,approx
10.17,4,80,1,approx
30.03,4,80,1,approx
60.14,4,80,1,approx
300.03,4,80,1,approx
600.21,4,80,1,approx
1200.17,4,80,1,approx
1.1,5,24959,1,approx
5.12,5,24959,1,approx
10.17,5,24959,1,approx
30.03,5,24959,1,approx
60.14,5,24959,1,approx
300.03,5,24959,1,approx
600.21,5,24959,1,approx
1200.17,5,24959,1,approx
1.24,6,16418,1,approx
5.22,6,16418,1,approx
10.26,6,16418,1,approx
30.2,6,16418,1,approx
60.19,6,16418,1,approx
300.24,6,16418,1,approx
600.13,6,16418,1,approx
1200.07,6,16418,1,approx
1.27,7,24769,1,approx
5.09,7,24769,1,approx
10.14,7,24769,1,approx
30.09,7,24769,1,approx
60.06,7,24769,1,approx
300.11,7,24769,1,approx
600.07,7,24769,1,approx
1200.14,7,24769,1,approx
1.12,8,23484,1.040865172,approx
5.18,8,22562,1,approx
10.27,8,22562,1,approx
30.18,8,22562,1,approx
60.1,8,22562,1,approx
300.03,8,22562,1,approx
600.17,8,22562,1,approx
1200.18,8,22562,1,approx
1.27,9,17853,1.260716051,approx
5.08,9,14161,1,approx
10.22,9,14161,1,approx
30.09,9,14161,1,approx
60.23,9,14161,1,approx
300.24,9,14161,1,approx
600.24,9,14161,1,approx
1200.05,9,14161,1,approx
1.06,10,22237,1.038190392,approx
5.26,10,21419,1,approx
10.23,10,21419,1,approx
30.26,10,21419,1,approx
60.12,10,21419,1,approx
300.16,10,21419,1,approx
600.21,10,21419,1,approx
1200.19,10,21419,1,approx
1.28,11,15911,1.167265791,approx
5.21,11,14835,1.088328076,approx
10.17,11,14856,1.089868682,approx
30.2,11,14835,1.088328076,approx
60.26,11,13822,1.014012178,approx
300.15,11,13631,1,approx
600.2,11,13631,1,approx
1200.16,11,13631,1,approx
1.06,12,34730,1.154587766,approx
5.06,12,31733,1.054953457,approx
10.24,12,30719,1.021243351,approx
30.25,12,30719,1.021243351,approx
60.19,12,30080,1,approx
300.05,12,30080,1,approx
600.07,12,30080,1,approx
1200.05,12,30080,1,approx
1.04,13,26949,1.17619588,approx
5.2,13,24377,1.063940293,approx
10.18,13,23655,1.032428422,approx
30.09,13,23326,1.018069134,approx
60.05,13,24198,1.056127793,approx
300.05,13,23031,1.005193785,approx
600.05,13,23031,1.005193785,approx
1200.19,13,22912,1,approx
1.25,14,20962,1.083195535,approx
5.03,14,22189,1.146599835,approx
10.06,14,21091,1.089861513,approx
30.19,14,21502,1.111099628,approx
60.06,14,20002,1.03358826,approx
300.24,14,19969,1.03188301,approx
600.17,14,19969,1.03188301,approx
1200.07,14,19969,1.03188301,approx
0.04,1,0,1,approx
0.04,1,0,1,approx
0.04,1,0,1,approx
0.04,1,0,1,approx
0.04,1,0,1,approx
0.04,1,0,1,approx
0.04,1,0,1,approx
0.04,1,0,1,approx
0.04,2,18508,1,approx
0.04,2,18508,1,approx
0.04,2,18508,1,approx
0.04,2,18508,1,approx
0.04,2,18508,1,approx
0.04,2,18508,1,approx
0.04,2,18508,1,approx
0.04,2,18508,1,approx
0.04,3,12,1,approx
0.04,3,12,1,approx
0.04,3,12,1,approx
0.04,3,12,1,approx
0.04,3,12,1,approx
0.04,3,12,1,approx
0.04,3,12,1,approx
0.04,3,12,1,approx
1.1,4,80,1,approx
5.12,4,80,1,approx
10.17,4,80,1,approx
30.03,4,80,1,approx
60.14,4,80,1,approx
300.03,4,80,1,approx
600.21,4,80,1,approx
1200.17,4,80,1,approx
1.1,5,24959,1,approx
5.12,5,24959,1,approx
10.17,5,24959,1,approx
30.03,5,24959,1,approx
60.14,5,24959,1,approx
300.03,5,24959,1,approx
600.21,5,24959,1,approx
1200.17,5,24959,1,approx
1.25,6,16418,1,approx
5.2,6,16418,1,approx
10.2,6,16418,1,approx
30.17,6,16418,1,approx
60.12,6,16418,1,approx
300.04,6,16418,1,approx
600.15,6,16418,1,approx
1200.11,6,16418,1,approx
1.22,7,24769,1,approx
5.2,7,24769,1,approx
10.1,7,24769,1,approx
30.18,7,24769,1,approx
60.26,7,24769,1,approx
300.03,7,24769,1,approx
600.22,7,24769,1,approx
1200.24,7,24769,1,approx
1.04,8,23484,1.040865172,approx
5.03,8,22562,1,approx
10.06,8,22562,1,approx
30.23,8,22562,1,approx
60.07,8,22562,1,approx
300.13,8,22562,1,approx
600.22,8,22562,1,approx
1200.06,8,22562,1,approx
1.19,9,18340,1.295106278,approx
5.21,9,14161,1,approx
10.15,9,14161,1,approx
30.22,9,14161,1,approx
60.16,9,14161,1,approx
300.26,9,14161,1,approx
600.25,9,14161,1,approx
1200.1,9,14161,1,approx
1.03,10,22237,1.038190392,approx
5.05,10,21419,1,approx
10.22,10,21419,1,approx
30.05,10,21419,1,approx
60.21,10,21419,1,approx
300.28,10,21419,1,approx
600.15,10,21419,1,approx
1200.28,10,21419,1,approx
1.03,11,15418,1.131098232,approx
5.19,11,16184,1.187293669,approx
10.09,11,14856,1.089868682,approx
30.09,11,13631,1,approx
60.09,11,13822,1.014012178,approx
300.13,11,13631,1,approx
600.17,11,13631,1,approx
1200.18,11,13631,1,approx
1.1,12,33204,1.103856383,approx
5.24,12,30328,1.008244681,approx
10.17,12,30979,1.029886968,approx
30.13,12,30719,1.021243351,approx
60.22,12,30080,1,approx
300.03,12,30080,1,approx
600.16,12,30080,1,approx
1200.25,12,30080,1,approx
1.03,13,25643,1.119195182,approx
5.03,13,25716,1.122381285,approx
10.27,13,24892,1.086417598,approx
30.2,13,23840,1.040502793,approx
60.2,13,24034,1.048969972,approx
300.1,13,22912,1,approx
600.1,13,22912,1,approx
1200.08,13,22912,1,approx
1.04,14,23990,1.239665151,approx
5.12,14,21162,1.093530384,approx
10.14,14,19485,1.006872675,approx
30.27,14,21355,1.103503514,approx
60.26,14,20002,1.03358826,approx
300.25,14,20497,1.059167011,approx
600.04,14,19352,1,approx
1200.23,14,19485,1.006872675,approx
0.04,1,0,1,approx
0.04,1,0,1,approx
0.04,1,0,1,approx
0.04,1,0,1,approx
0.04,1,0,1,approx
0.04,1,0,1,approx
0.04,1,0,1,approx
0.04,1,0,1,approx
0.04,2,18508,1,approx
0.04,2,18508,1,approx
0.04,2,18508,1,approx
0.04,2,18508,1,approx
0.04,2,18508,1,approx
0.04,2,18508,1,approx
0.04,2,18508,1,approx
0.04,2,18508,1,approx
0.04,3,12,1,approx
0.04,3,12,1,approx
0.04,3,12,1,approx
0.04,3,12,1,approx
0.04,3,12,1,approx
0.04,3,12,1,approx
0.04,3,12,1,approx
0.04,3,12,1,approx
1.1,4,80,1,approx
5.12,4,80,1,approx
10.17,4,80,1,approx
30.03,4,80,1,approx
60.14,4,80,1,approx
300.03,4,80,1,approx
600.21,4,80,1,approx
1200.17,4,80,1,approx
1.1,5,24959,1,approx
5.12,5,24959,1,approx
10.17,5,24959,1,approx
30.03,5,24959,1,approx
60.14,5,24959,1,approx
300.03,5,24959,1,approx
600.21,5,24959,1,approx
1200.17,5,24959,1,approx
1.23,6,16418,1,approx
5.23,6,16418,1,approx
10.23,6,16418,1,approx
30.26,6,16418,1,approx
60.22,6,16418,1,approx
300.15,6,16418,1,approx
600.24,6,16418,1,approx
1200.22,6,16418,1,approx
1.17,7,27599,1.114255723,approx
5.12,7,24769,1,approx
10.22,7,24769,1,approx
30.11,7,24769,1,approx
60.06,7,24769,1,approx
300.14,7,24769,1,approx
600.24,7,24769,1,approx
1200.17,7,24769,1,approx
1.22,8,24379,1.080533641,approx
5.08,8,22562,1,approx
10.16,8,22562,1,approx
30.12,8,22562,1,approx
60.06,8,22562,1,approx
300.09,8,22562,1,approx
600.25,8,22562,1,approx
1200.11,8,22562,1,approx
1.13,9,18340,1.295106278,approx
5.15,9,14161,1,approx
10.12,9,14161,1,approx
30.04,9,14161,1,approx
60.23,9,14161,1,approx
300.12,9,14161,1,approx
600.14,9,14161,1,approx
1200.21,9,14161,1,approx
1.14,10,21419,1,approx
5.11,10,21419,1,approx
10.09,10,21419,1,approx
30.14,10,21419,1,approx
60.08,10,21419,1,approx
300.17,10,21419,1,approx
600.15,10,21419,1,approx
1200.16,10,21419,1,approx
1.17,11,18061,1.324994498,approx
5.16,11,13822,1.014012178,approx
10.1,11,14835,1.088328076,approx
30.15,11,14835,1.088328076,approx
60.24,11,14835,1.088328076,approx
300.22,11,13631,1,approx
600.11,11,13631,1,approx
1200.26,11,13631,1,approx
1.12,12,30719,1.021243351,approx
5.17,12,31370,1.042885638,approx
10.16,12,31330,1.041555851,approx
30.04,12,30080,1,approx
60.05,12,30080,1,approx
300.06,12,30080,1,approx
600.2,12,30080,1,approx
1200.03,12,30080,1,approx
1.2,13,26534,1.158083101,approx
5.23,13,24363,1.06332926,approx
10.04,13,23723,1.035396299,approx
30.16,13,23723,1.035396299,approx
60.22,13,23840,1.040502793,approx
300.03,13,22912,1,approx
600.28,13,22912,1,approx
1200.06,13,22912,1,approx
1.26,14,21865,1.129857379,approx
5.18,14,21319,1.101643241,approx
10.12,14,20277,1.047798677,approx
30.05,14,21115,1.091101695,approx
60.17,14,20479,1.058236875,approx
300.19,14,19352,1,approx
600.14,14,19352,1,approx
1200.15,14,19352,1,approx
0.04,1,0,1,approx
0.04,1,0,1,approx
0.04,1,0,1,approx
0.04,1,0,1,approx
0.04,1,0,1,approx
0.04,1,0,1,approx
0.04,1,0,1,approx
0.04,1,0,1,approx
0.04,2,18508,1,approx
0.04,2,18508,1,approx
0.04,2,18508,1,approx
0.04,2,18508,1,approx
0.04,2,18508,1,approx
0.04,2,18508,1,approx
0.04,2,18508,1,approx
0.04,2,18508,1,approx
0.04,3,12,1,approx
0.04,3,12,1,approx
0.04,3,12,1,approx
0.04,3,12,1,approx
0.04,3,12,1,approx
0.04,3,12,1,approx
0.04,3,12,1,approx
0.04,3,12,1,approx
1.1,4,80,1,approx
5.12,4,80,1,approx
10.17,4,80,1,approx
30.03,4,80,1,approx
60.14,4,80,1,approx
300.03,4,80,1,approx
600.21,4,80,1,approx
1200.17,4,80,1,approx
1.1,5,24959,1,approx
5.12,5,24959,1,approx
10.17,5,24959,1,approx
30.03,5,24959,1,approx
60.14,5,24959,1,approx
300.03,5,24959,1,approx
600.21,5,24959,1,approx
1200.17,5,24959,1,approx
1.21,6,16757,1.020648069,approx
5.2,6,16418,1,approx
10.19,6,16418,1,approx
30.05,6,16418,1,approx
60.07,6,16418,1,approx
300.14,6,16418,1,approx
600.07,6,16418,1,approx
1200.14,6,16418,1,approx
1.13,7,24769,1,approx
5.18,7,24769,1,approx
10.24,7,24769,1,approx
30.2,7,24769,1,approx
60.13,7,24769,1,approx
300.12,7,24769,1,approx
600.22,7,24769,1,approx
1200.13,7,24769,1,approx
1.18,8,25087,1.111913837,approx
5.23,8,22562,1,approx
10.23,8,22562,1,approx
30.17,8,22562,1,approx
60.03,8,22562,1,approx
300.26,8,22562,1,approx
600.11,8,22562,1,approx
1200.14,8,22562,1,approx
1.21,9,20258,1.43054869,approx
5.15,9,14161,1,approx
10.1,9,14161,1,approx
30.1,9,14161,1,approx
60.03,9,14161,1,approx
300.06,9,14161,1,approx
600.18,9,14161,1,approx
1200.11,9,14161,1,approx
1.17,10,24590,1.148046127,approx
5.07,10,22582,1.054297586,approx
10.08,10,21419,1,approx
30.06,10,21419,1,approx
60.2,10,21419,1,approx
300.14,10,21419,1,approx
600.23,10,21419,1,approx
1200.11,10,21419,1,approx
1.23,11,16656,1.221920622,approx
5.2,11,14856,1.089868682,approx
10.06,11,14968,1.098085247,approx
30.04,11,13631,1,approx
60.09,11,13822,1.014012178,approx
300.16,11,13631,1,approx
600.13,11,13631,1,approx
1200.06,11,13631,1,approx
1.2,12,33391,1.110073138,approx
5.2,12,32584,1.083244681,approx
10.05,12,30080,1,approx
30.15,12,31370,1.042885638,approx
60.06,12,30080,1,approx
300.18,12,30080,1,approx
600.25,12,30080,1,approx
1200.1,12,30080,1,approx
1.21,13,25583,1.116576466,approx
5.13,13,25009,1.091524092,approx
10.18,13,23723,1.035396299,approx
30.17,13,23326,1.018069134,approx
60.11,13,23655,1.032428422,approx
300.11,13,22912,1,approx
600.13,13,22912,1,approx
1200.09,13,22912,1,approx
1.21,14,22676,1.171765192,approx
5.08,14,23161,1.196827201,approx
10.26,14,21223,1.096682513,approx
30.26,14,20300,1.048987185,approx
60.13,14,20277,1.047798677,approx
300.21,14,19352,1,approx
600.1,14,19969,1.03188301,approx
1200.09,14,19352,1,approx
0.04,1,0,1,approx
0.04,1,0,1,approx
0.04,1,0,1,approx
0.04,1,0,1,approx
0.04,1,0,1,approx
0.04,1,0,1,approx
0.04,1,0,1,approx
0.04,1,0,1,approx
0.04,2,18508,1,approx
0.04,2,18508,1,approx
0.04,2,18508,1,approx
0.04,2,18508,1,approx
0.04,2,18508,1,approx
0.04,2,18508,1,approx
0.04,2,18508,1,approx
0.04,2,18508,1,approx
0.04,3,12,1,approx
0.04,3,12,1,approx
0.04,3,12,1,approx
0.04,3,12,1,approx
0.04,3,12,1,approx
0.04,3,12,1,approx
0.04,3,12,1,approx
0.04,3,12,1,approx
1.1,4,80,1,approx
5.12,4,80,1,approx
10.17,4,80,1,approx
30.03,4,80,1,approx
60.14,4,80,1,approx
300.03,4,80,1,approx
600.21,4,80,1,approx
1200.17,4,80,1,approx
1.1,5,24959,1,approx
5.12,5,24959,1,approx
10.17,5,24959,1,approx
30.03,5,24959,1,approx
60.14,5,24959,1,approx
300.03,5,24959,1,approx
600.21,5,24959,1,approx
1200.17,5,24959,1,approx
1.09,6,16418,1,approx
5.18,6,16418,1,approx
10.14,6,16418,1,approx
30.26,6,16418,1,approx
60.23,6,16418,1,approx
300.14,6,16418,1,approx
600.21,6,16418,1,approx
1200.27,6,16418,1,approx
1.12,7,24769,1,approx
5.03,7,24769,1,approx
10.04,7,24769,1,approx
30.15,7,24769,1,approx
60.22,7,24769,1,approx
300.17,7,24769,1,approx
600.2,7,24769,1,approx
1200.09,7,24769,1,approx
1.13,8,26172,1.160003546,approx
5.15,8,22562,1,approx
10.03,8,22562,1,approx
30.03,8,22562,1,approx
60.14,8,22562,1,approx
300.11,8,22562,1,approx
600.25,8,22562,1,approx
1200.13,8,22562,1,approx
1.15,9,14161,1,approx
5.24,9,14161,1,approx
10.07,9,14161,1,approx
30.24,9,14161,1,approx
60.19,9,14161,1,approx
300.06,9,14161,1,approx
600.11,9,14161,1,approx
1200.04,9,14161,1,approx
1.12,10,22237,1.038190392,approx
5.15,10,21419,1,approx
10.17,10,21419,1,approx
30.23,10,21419,1,approx
60.08,10,21419,1,approx
300.09,10,21419,1,approx
600.04,10,21419,1,approx
1200.19,10,21419,1,approx
1.13,11,17454,1.280463649,approx
5.15,11,14856,1.089868682,approx
10.03,11,14835,1.088328076,approx
30.24,11,14835,1.088328076,approx
60.2,11,13631,1,approx
300.19,11,13631,1,approx
600.05,11,13631,1,approx
1200.16,11,13631,1,approx
1.03,12,33985,1.129820479,approx
5.24,12,31502,1.047273936,approx
10.08,12,31330,1.041555851,approx
30.13,12,30989,1.030219415,approx
60.11,12,30080,1,approx
300.17,12,30080,1,approx
600.22,12,30080,1,approx
1200.1,12,30080,1,approx
1.17,13,31359,1.368671439,approx
5.05,13,27221,1.188067388,approx
10.08,13,24760,1.080656425,approx
30.25,13,22912,1,approx
60.03,13,23326,1.018069134,approx
300.16,13,23326,1.018069134,approx
600.17,13,22912,1,approx
1200.21,13,22912,1,approx
1.16,14,25701,1.328079785,approx
5.23,14,22638,1.169801571,approx
10.2,14,21394,1.105518809,approx
30.03,14,21380,1.10479537,approx
60.2,14,20393,1.05379289,approx
300.22,14,20148,1.041132699,approx
600.19,14,19485,1.006872675,approx
1200.06,14,19352,1,approx
0.04,1,0,1,approx
0.04,1,0,1,approx
0.04,1,0,1,approx
0.04,1,0,1,approx
0.04,1,0,1,approx
0.04,1,0,1,approx
0.04,1,0,1,approx
0.04,1,0,1,approx
0.04,2,18508,1,approx
0.04,2,18508,1,approx
0.04,2,18508,1,approx
0.04,2,18508,1,approx
0.04,2,18508,1,approx
0.04,2,18508,1,approx
0.04,2,18508,1,approx
0.04,2,18508,1,approx
0.04,3,12,1,approx
0.04,3,12,1,approx
0.04,3,12,1,approx
0.04,3,12,1,approx
0.04,3,12,1,approx
0.04,3,12,1,approx
0.04,3,12,1,approx
0.04,3,12,1,approx
1.1,4,80,1,approx
5.12,4,80,1,approx
10.17,4,80,1,approx
30.03,4,80,1,approx
60.14,4,80,1,approx
300.03,4,80,1,approx
600.21,4,80,1,approx
1200.17,4,80,1,approx
1.1,5,24959,1,approx
5.12,5,24959,1,approx
10.17,5,24959,1,approx
30.03,5,24959,1,approx
60.14,5,24959,1,approx
300.03,5,24959,1,approx
600.21,5,24959,1,approx
1200.17,5,24959,1,approx
1.1,6,16418,1,approx
5.09,6,16418,1,approx
10.06,6,16418,1,approx
30.21,6,16418,1,approx
60.12,6,16418,1,approx
300.17,6,16418,1,approx
600.2,6,16418,1,approx
1200.13,6,16418,1,approx
1.13,7,24976,1.008357221,approx
5.11,7,24769,1,approx
10.05,7,24769,1,approx
30.15,7,24769,1,approx
60.21,7,24769,1,approx
300.18,7,24769,1,approx
600.2,7,24769,1,approx
1200.03,7,24769,1,approx
1.14,8,22562,1,approx
5.09,8,23484,1.040865172,approx
10.1,8,22562,1,approx
30.12,8,22562,1,approx
60.12,8,22562,1,approx
300.11,8,22562,1,approx
600.16,8,22562,1,approx
1200.04,8,22562,1,approx
1.15,9,18025,1.272862086,approx
5.11,9,14161,1,approx
10.25,9,14161,1,approx
30.04,9,14161,1,approx
60.08,9,14161,1,approx
300.07,9,14161,1,approx
600.1,9,14161,1,approx
1200.15,9,14161,1,approx
1.12,10,21801,1.017834633,approx
5.29,10,21419,1,approx
10.21,10,21419,1,approx
30.25,10,21419,1,approx
60.15,10,21419,1,approx
300.08,10,21419,1,approx
600.2,10,21419,1,approx
1200.06,10,21419,1,approx
1.13,11,17391,1.275841831,approx
5.07,11,14835,1.088328076,approx
10.12,11,14853,1.089648595,approx
30.24,11,14835,1.088328076,approx
60.15,11,13822,1.014012178,approx
300.22,11,13631,1,approx
600.2,11,13631,1,approx
1200.24,11,13631,1,approx
1.21,12,32780,1.089760638,approx
5.22,12,32736,1.088297872,approx
10.14,12,32141,1.068517287,approx
30.18,12,30080,1,approx
60.21,12,30719,1.021243351,approx
300.24,12,30080,1,approx
600.14,12,30080,1,approx
1200.23,12,30080,1,approx
1.21,13,25617,1.118060405,approx
5.19,13,24967,1.089690992,approx
10.22,13,24198,1.056127793,approx
30.13,13,22912,1,approx
60.1,13,23031,1.005193785,approx
300.17,13,22912,1,approx
600.23,13,22912,1,approx
1200.07,13,22912,1,approx
1.23,14,23600,1.219512195,approx
5.23,14,20837,1.076736255,approx
10.07,14,20497,1.059167011,approx
30.26,14,21029,1.08665771,approx
60.26,14,19485,1.006872675,approx
300.12,14,20002,1.03358826,approx
600.09,14,19352,1,approx
1200.14,14,19352,1,approx
0.04,1,0,1,approx
0.04,1,0,1,approx
0.04,1,0,1,approx
0.04,1,0,1,approx
0.04,1,0,1,approx
0.04,1,0,1,approx
0.04,1,0,1,approx
0.04,1,0,1,approx
0.04,2,18508,1,approx
0.04,2,18508,1,approx
0.04,2,18508,1,approx
0.04,2,18508,1,approx
0.04,2,18508,1,approx
0.04,2,18508,1,approx
0.04,2,18508,1,approx
0.04,2,18508,1,approx
0.04,3,12,1,approx
0.04,3,12,1,approx
0.04,3,12,1,approx
0.04,3,12,1,approx
0.04,3,12,1,approx
0.04,3,12,1,approx
0.04,3,12,1,approx
0.04,3,12,1,approx
1.1,4,80,1,approx
5.12,4,80,1,approx
10.17,4,80,1,approx
30.03,4,80,1,approx
60.14,4,80,1,approx
300.03,4,80,1,approx
600.21,4,80,1,approx
1200.17,4,80,1,approx
1.1,5,24959,1,approx
5.12,5,24959,1,approx
10.17,5,24959,1,approx
30.03,5,24959,1,approx
60.14,5,24959,1,approx
300.03,5,24959,1,approx
600.21,5,24959,1,approx
1200.17,5,24959,1,approx
1.06,6,16418,1,approx
5.13,6,16418,1,approx
10.12,6,16418,1,approx
30.07,6,16418,1,approx
60.2,6,16418,1,approx
300.26,6,16418,1,approx
600.22,6,16418,1,approx
1200.22,6,16418,1,approx
1.26,7,24769,1,approx
5.04,7,24976,1.008357221,approx
10.25,7,24769,1,approx
30.14,7,24769,1,approx
60.03,7,24769,1,approx
300.2,7,24769,1,approx
600.32,7,24769,1,approx
1200.23,7,24769,1,approx
1.26,8,22562,1,approx
5.07,8,22562,1,approx
10.19,8,22562,1,approx
30.04,8,22562,1,approx
60.26,8,22562,1,approx
300.08,8,22562,1,approx
600.07,8,22562,1,approx
1200.22,8,22562,1,approx
1.04,9,17853,1.260716051,approx
5.31,9,17853,1.260716051,approx
10.13,9,14161,1,approx
30.19,9,14161,1,approx
60.12,9,14161,1,approx
300.04,9,14161,1,approx
600.18,9,14161,1,approx
1200.19,9,14161,1,approx
1.04,10,24485,1.143143938,approx
5.18,10,21419,1,approx
10.18,10,21801,1.017834633,approx
30.03,10,21419,1,approx
60.03,10,21419,1,approx
300.07,10,21419,1,approx
600.19,10,21419,1,approx
1200.29,10,21419,1,approx
1.08,11,20309,1.489912699,approx
5.08,11,14835,1.088328076,approx
10.1,11,14856,1.089868682,approx
30.16,11,14856,1.089868682,approx
60.11,11,13631,1,approx
300.15,11,13631,1,approx
600.16,11,13631,1,approx
1200.19,11,13631,1,approx
1.2,12,36154,1.201928191,approx
5.25,12,33748,1.121941489,approx
10.21,12,31370,1.042885638,approx
30.23,12,30719,1.021243351,approx
60.24,12,30080,1,approx
300.23,12,30080,1,approx
600.22,12,30080,1,approx
1200.27,12,30080,1,approx
1.07,13,27986,1.221456006,approx
5.17,13,23443,1.023175628,approx
10.22,13,23723,1.035396299,approx
30.17,13,23443,1.023175628,approx
60.07,13,23326,1.018069134,approx
300.19,13,22912,1,approx
600.14,13,23326,1.018069134,approx
1200.28,13,22912,1,approx
1.04,14,24640,1.273253411,approx
5.19,14,23956,1.237908227,approx
10.13,14,20300,1.048987185,approx
30.1,14,20300,1.048987185,approx
60.09,14,20277,1.047798677,approx
300.27,14,20148,1.041132699,approx
600.09,14,20148,1.041132699,approx
1200.17,14,19352,1,approx
0.04,1,0,1,approx
0.04,1,0,1,approx
0.04,1,0,1,approx
0.04,1,0,1,approx
0.04,1,0,1,approx
0.04,1,0,1,approx
0.04,1,0,1,approx
0.04,1,0,1,approx
0.04,2,18508,1,approx
0.04,2,18508,1,approx
0.04,2,18508,1,approx
0.04,2,18508,1,approx
0.04,2,18508,1,approx
0.04,2,18508,1,approx
0.04,2,18508,1,approx
0.04,2,18508,1,approx
0.04,3,12,1,approx
0.04,3,12,1,approx
0.04,3,12,1,approx
0.04,3,12,1,approx
0.04,3,12,1,approx
0.04,3,12,1,approx
0.04,3,12,1,approx
0.04,3,12,1,approx
1.1,4,80,1,approx
5.12,4,80,1,approx
10.17,4,80,1,approx
30.03,4,80,1,approx
60.14,4,80,1,approx
300.03,4,80,1,approx
600.21,4,80,1,approx
1200.17,4,80,1,approx
1.1,5,24959,1,approx
5.12,5,24959,1,approx
10.17,5,24959,1,approx
30.03,5,24959,1,approx
60.14,5,24959,1,approx
300.03,5,24959,1,approx
600.21,5,24959,1,approx
1200.17,5,24959,1,approx
1.24,6,16418,1,approx
5.13,6,16418,1,approx
10.11,6,16418,1,approx
30.26,6,16418,1,approx
60.16,6,16418,1,approx
300.16,6,16418,1,approx
600.15,6,16418,1,approx
1200.04,6,16418,1,approx
1.21,7,24769,1,approx
5.27,7,24769,1,approx
10.09,7,24769,1,approx
30.1,7,24769,1,approx
60.18,7,24769,1,approx
300.18,7,24769,1,approx
600.3,7,24769,1,approx
1200.15,7,24769,1,approx
1.18,8,22562,1,approx
5.04,8,23484,1.040865172,approx
10.16,8,22562,1,approx
30.23,8,22562,1,approx
60.11,8,22562,1,approx
300.17,8,22562,1,approx
600.1,8,22562,1,approx
1200.04,8,22562,1,approx
1.15,9,17853,1.260716051,approx
5.1,9,14161,1,approx
10.08,9,14161,1,approx
30.1,9,14161,1,approx
60.17,9,14161,1,approx
300.25,9,14161,1,approx
600.25,9,14161,1,approx
1200.06,9,14161,1,approx
1.23,10,21634,1.010037817,approx
5.2,10,21419,1,approx
10.24,10,21419,1,approx
30.15,10,21419,1,approx
60.12,10,21419,1,approx
300.04,10,21419,1,approx
600.12,10,21419,1,approx
1200.03,10,21419,1,approx
1.22,11,15282,1.121120974,approx
5.12,11,13631,1,approx
10.23,11,13631,1,approx
30.06,11,13631,1,approx
60.08,11,13631,1,approx
300.17,11,13631,1,approx
600.12,11,13631,1,approx
1200.17,11,13631,1,approx
1.05,12,31602,1.050598404,approx
5.11,12,30080,1,approx
10.23,12,30328,1.008244681,approx
30.2,12,30080,1,approx
60.1,12,30719,1.021243351,approx
300.18,12,30080,1,approx
600.28,12,30080,1,approx
1200.15,12,30080,1,approx
1.26,13,24822,1.08336243,approx
5.23,13,23443,1.023175628,approx
10.08,13,24377,1.063940293,approx
30.21,13,23326,1.018069134,approx
60.14,13,23031,1.005193785,approx
300.08,13,23031,1.005193785,approx
600.08,13,22912,1,approx
1200.28,13,22912,1,approx
1.07,14,24420,1.261885076,approx
5.2,14,22091,1.141535759,approx
10.23,14,20892,1.079578338,approx
30.06,14,20277,1.047798677,approx
60.17,14,20887,1.079319967,approx
300.1,14,19485,1.006872675,approx
600.03,14,19352,1,approx
1200.16,14,19352,1,approx
0.04,1,0,1,approx
0.04,1,0,1,approx
0.04,1,0,1,approx
0.04,1,0,1,approx
0.04,1,0,1,approx
0.04,1,0,1,approx
0.04,1,0,1,approx
0.04,1,0,1,approx
0.04,2,18508,1,approx
0.04,2,18508,1,approx
0.04,2,18508,1,approx
0.04,2,18508,1,approx
0.04,2,18508,1,approx
0.04,2,18508,1,approx
0.04,2,18508,1,approx
0.04,2,18508,1,approx
0.04,3,12,1,approx
0.04,3,12,1,approx
0.04,3,12,1,approx
0.04,3,12,1,approx
0.04,3,12,1,approx
0.04,3,12,1,approx
0.04,3,12,1,approx
0.04,3,12,1,approx
1.1,4,80,1,approx
5.12,4,80,1,approx
10.17,4,80,1,approx
30.03,4,80,1,approx
60.14,4,80,1,approx
300.03,4,80,1,approx
600.21,4,80,1,approx
1200.17,4,80,1,approx
1.1,5,24959,1,approx
5.12,5,24959,1,approx
10.17,5,24959,1,approx
30.03,5,24959,1,approx
60.14,5,24959,1,approx
300.03,5,24959,1,approx
600.21,5,24959,1,approx
1200.17,5,24959,1,approx
1.23,6,16418,1,approx
5.07,6,16418,1,approx
10.13,6,16418,1,approx
30.05,6,16418,1,approx
60.24,6,16418,1,approx
300.27,6,16418,1,approx
600.05,6,16418,1,approx
1200.03,6,16418,1,approx
1.19,7,24769,1,approx
5.18,7,24769,1,approx
10.05,7,24769,1,approx
30.07,7,24769,1,approx
60.18,7,24769,1,approx
300.05,7,24769,1,approx
600.13,7,24769,1,approx
1200.2,7,24769,1,approx
1.21,8,25035,1.109609077,approx
5.03,8,22562,1,approx
10.21,8,22562,1,approx
30.22,8,22562,1,approx
60.17,8,22562,1,approx
300.15,8,22562,1,approx
600.22,8,22562,1,approx
1200.07,8,22562,1,approx
1.27,9,19574,1.382247016,approx
5.16,9,14161,1,approx
10.19,9,14161,1,approx
30.19,9,14161,1,approx
60.08,9,14161,1,approx
300.2,9,14161,1,approx
600.17,9,14161,1,approx
1200.15,9,14161,1,approx
1.14,10,21419,1,approx
5.07,10,21801,1.017834633,approx
10.17,10,21419,1,approx
30.22,10,21419,1,approx
60.11,10,21419,1,approx
300.27,10,21419,1,approx
600.16,10,21419,1,approx
1200.03,10,21419,1,approx
1.2,11,18019,1.321913286,approx
5.04,11,14835,1.088328076,approx
10.13,11,13631,1,approx
30.18,11,14835,1.088328076,approx
60.09,11,13822,1.014012178,approx
300.18,11,13631,1,approx
600.16,11,13631,1,approx
1200.16,11,13631,1,approx
1.19,12,32546,1.081981383,approx
5.03,12,30719,1.021243351,approx
10.18,12,30080,1,approx
30.17,12,30719,1.021243351,approx
60.08,12,30080,1,approx
300.18,12,30080,1,approx
600.06,12,30080,1,approx
1200.1,12,30080,1,approx
1.21,13,27374,1.194745112,approx
5.05,13,24999,1.09108764,approx
10.17,13,23031,1.005193785,approx
30.13,13,23840,1.040502793,approx
60.16,13,22912,1,approx
300.03,13,22912,1,approx
600.09,13,22912,1,approx
1200.15,13,22912,1,approx
1.2,14,23574,1.218168665,approx
5.07,14,22461,1.160655229,approx
10.16,14,21733,1.123036379,approx
30.26,14,19485,1.006872675,approx
60.19,14,20277,1.047798677,approx
300.12,14,20393,1.05379289,approx
600.12,14,19969,1.03188301,approx
1200.16,14,19352,1,approx
0.04,1,0,1,approx
0.04,1,0,1,approx
0.04,1,0,1,approx
0.04,1,0,1,approx
0.04,1,0,1,approx
0.04,1,0,1,approx
0.04,1,0,1,approx
0.04,1,0,1,approx
0.04,2,18508,1,approx
0.04,2,18508,1,approx
0.04,2,18508,1,approx
0.04,2,18508,1,approx
0.04,2,18508,1,approx
0.04,2,18508,1,approx
0.04,2,18508,1,approx
0.04,2,18508,1,approx
0.04,3,12,1,approx
0.04,3,12,1,approx
0.04,3,12,1,approx
0.04,3,12,1,approx
0.04,3,12,1,approx
0.04,3,12,1,approx
0.04,3,12,1,approx
0.04,3,12,1,approx
1.1,4,80,1,approx
5.12,4,80,1,approx
10.17,4,80,1,approx
30.03,4,80,1,approx
60.14,4,80,1,approx
300.03,4,80,1,approx
600.21,4,80,1,approx
1200.17,4,80,1,approx
1.1,5,24959,1,approx
5.12,5,24959,1,approx
10.17,5,24959,1,approx
30.03,5,24959,1,approx
60.14,5,24959,1,approx
300.03,5,24959,1,approx
600.21,5,24959,1,approx
1200.17,5,24959,1,approx
1.23,6,16418,1,approx
5.24,6,16418,1,approx
10.03,6,16418,1,approx
30.19,6,16418,1,approx
60.14,6,16418,1,approx
300.11,6,16418,1,approx
600.09,6,16418,1,approx
1200.04,6,16418,1,approx
1.1,7,26095,1.05353466,approx
5.06,7,24769,1,approx
10.03,7,24769,1,approx
30.03,7,24769,1,approx
60.13,7,24769,1,approx
300.04,7,24769,1,approx
600.23,7,24769,1,approx
1200.09,7,24769,1,approx
1.27,8,22562,1,approx
5.17,8,22562,1,approx
10.13,8,22562,1,approx
30.11,8,22562,1,approx
60.03,8,22562,1,approx
300.11,8,22562,1,approx
600.15,8,22562,1,approx
1200.23,8,22562,1,approx
1.12,9,18025,1.272862086,approx
5.23,9,17853,1.260716051,approx
10.11,9,14161,1,approx
30.05,9,14161,1,approx
60.23,9,14161,1,approx
300.18,9,14161,1,approx
600.23,9,14161,1,approx
1200.17,9,14161,1,approx
1.21,10,21419,1,approx
5.2,10,21419,1,approx
10.14,10,21419,1,approx
30.3,10,21419,1,approx
60.16,10,21419,1,approx
300.09,10,21419,1,approx
600.26,10,21419,1,approx
1200.13,10,21419,1,approx
1.11,11,16286,1.194776612,approx
5.03,11,14856,1.089868682,approx
10.05,11,14835,1.088328076,approx
30.14,11,14835,1.088328076,approx
60.21,11,13822,1.014012178,approx
300.17,11,13631,1,approx
600.2,11,13631,1,approx
1200.04,11,13631,1,approx
1.24,12,34037,1.131549202,approx
5.07,12,31330,1.041555851,approx
10.13,12,31370,1.042885638,approx
30.11,12,31502,1.047273936,approx
60.13,12,30979,1.029886968,approx
300.23,12,30080,1,approx
600.28,12,30080,1,approx
1200.19,12,30080,1,approx
1.05,13,27320,1.192388268,approx
5.03,13,24291,1.060186802,approx
10.25,13,24822,1.08336243,approx
30.12,13,23031,1.005193785,approx
60.1,13,23655,1.032428422,approx
300.16,13,23031,1.005193785,approx
600.24,13,22912,1,approx
1200.22,13,22912,1,approx
1.13,14,23137,1.195587019,approx
5.23,14,20393,1.05379289,approx
10.06,14,20277,1.047798677,approx
30.11,14,21091,1.089861513,approx
60.15,14,20497,1.059167011,approx
300.23,14,19352,1,approx
600.04,14,19352,1,approx
1200.14,14,19352,1,approx
0.04,1,0,1,approx
0.04,1,0,1,approx
0.04,1,0,1,approx
0.04,1,0,1,approx
0.04,1,0,1,approx
0.04,1,0,1,approx
0.04,1,0,1,approx
0.04,1,0,1,approx
0.04,2,18508,1,approx
0.04,2,18508,1,approx
0.04,2,18508,1,approx
0.04,2,18508,1,approx
0.04,2,18508,1,approx
0.04,2,18508,1,approx
0.04,2,18508,1,approx
0.04,2,18508,1,approx
0.04,3,12,1,approx
0.04,3,12,1,approx
0.04,3,12,1,approx
0.04,3,12,1,approx
0.04,3,12,1,approx
0.04,3,12,1,approx
0.04,3,12,1,approx
0.04,3,12,1,approx
1.1,4,80,1,approx
5.12,4,80,1,approx
10.17,4,80,1,approx
30.03,4,80,1,approx
60.14,4,80,1,approx
300.03,4,80,1,approx
600.21,4,80,1,approx
1200.17,4,80,1,approx
1.1,5,24959,1,approx
5.12,5,24959,1,approx
10.17,5,24959,1,approx
30.03,5,24959,1,approx
60.14,5,24959,1,approx
300.03,5,24959,1,approx
600.21,5,24959,1,approx
1200.17,5,24959,1,approx
1.15,6,16418,1,approx
5.08,6,16418,1,approx
10.15,6,16418,1,approx
30.1,6,16418,1,approx
60.16,6,16418,1,approx
300.05,6,16418,1,approx
600.1,6,16418,1,approx
1200.14,6,16418,1,approx
1.13,7,26480,1.069078283,approx
5.03,7,24769,1,approx
10.03,7,24769,1,approx
30.17,7,24769,1,approx
60.03,7,24769,1,approx
300.23,7,24769,1,approx
600.06,7,24769,1,approx
1200.1,7,24769,1,approx
1.13,8,22562,1,approx
5.11,8,22562,1,approx
10.06,8,22562,1,approx
30.16,8,22562,1,approx
60.22,8,22562,1,approx
300.04,8,22562,1,approx
600.2,8,22562,1,approx
1200.03,8,22562,1,approx
1.16,9,17853,1.260716051,approx
5.2,9,14161,1,approx
10.18,9,14161,1,approx
30.24,9,14161,1,approx
60.19,9,14161,1,approx
300.14,9,14161,1,approx
600.09,9,14161,1,approx
1200.03,9,14161,1,approx
1.17,10,23047,1.076007283,approx
5.24,10,21419,1,approx
10.24,10,21419,1,approx
30.11,10,21419,1,approx
60.17,10,21419,1,approx
300.06,10,21419,1,approx
600.03,10,21419,1,approx
1200.25,10,21419,1,approx
1.18,11,19573,1.435918128,approx
5.17,11,14856,1.089868682,approx
10.03,11,14835,1.088328076,approx
30.21,11,14835,1.088328076,approx
60.09,11,13631,1,approx
300.2,11,13631,1,approx
600.21,11,13631,1,approx
1200.22,11,13631,1,approx
1.17,12,33204,1.103856383,approx
5.11,12,33520,1.114361702,approx
10.21,12,30979,1.029886968,approx
30.12,12,30080,1,approx
60.22,12,30719,1.021243351,approx
300.18,12,30080,1,approx
600.09,12,30080,1,approx
1200.15,12,30080,1,approx
1.23,13,23655,1.032428422,approx
5.04,13,23723,1.035396299,approx
10.21,13,24081,1.051021299,approx
30.1,13,23800,1.038756983,approx
60.12,13,23800,1.038756983,approx
300.11,13,22912,1,approx
600.18,13,22912,1,approx
1200.11,13,22912,1,approx
1.09,14,23161,1.196827201,approx
5.05,14,20797,1.074669285,approx
10.23,14,21705,1.1215895,approx
30.12,14,21279,1.099576271,approx
60.2,14,20497,1.059167011,approx
300.17,14,19969,1.03188301,approx
600.17,14,19352,1,approx
1200.19,14,19352,1,approx
0.04,1,0,1,approx
0.04,1,0,1,approx
0.04,1,0,1,approx
0.04,1,0,1,approx
0.04,1,0,1,approx
0.04,1,0,1,approx
0.04,1,0,1,approx
0.04,1,0,1,approx
0.04,2,18508,1,approx
0.04,2,18508,1,approx
0.04,2,18508,1,approx
0.04,2,18508,1,approx
0.04,2,18508,1,approx
0.04,2,18508,1,approx
0.04,2,18508,1,approx
0.04,2,18508,1,approx
0.04,3,12,1,approx
0.04,3,12,1,approx
0.04,3,12,1,approx
0.04,3,12,1,approx
0.04,3,12,1,approx
0.04,3,12,1,approx
0.04,3,12,1,approx
0.04,3,12,1,approx
1.1,4,80,1,approx
5.12,4,80,1,approx
10.17,4,80,1,approx
30.03,4,80,1,approx
60.14,4,80,1,approx
300.03,4,80,1,approx
600.21,4,80,1,approx
1200.17,4,80,1,approx
1.1,5,24959,1,approx
5.12,5,24959,1,approx
10.17,5,24959,1,approx
30.03,5,24959,1,approx
60.14,5,24959,1,approx
300.03,5,24959,1,approx
600.21,5,24959,1,approx
1200.17,5,24959,1,approx
1.19,6,16418,1,approx
5.15,6,16418,1,approx
10.11,6,16418,1,approx
30.23,6,16418,1,approx
60.08,6,16418,1,approx
300.12,6,16418,1,approx
600.16,6,16418,1,approx
1200.19,6,16418,1,approx
1.15,7,24976,1.008357221,approx
5.05,7,24769,1,approx
10.09,7,24769,1,approx
30.27,7,24769,1,approx
60.1,7,24769,1,approx
300.16,7,24769,1,approx
600.22,7,24769,1,approx
1200.03,7,24769,1,approx
1.19,8,22562,1,approx
5.11,8,22562,1,approx
10.08,8,22562,1,approx
30.07,8,22562,1,approx
60.1,8,22562,1,approx
300.18,8,22562,1,approx
600.19,8,22562,1,approx
1200.09,8,22562,1,approx
1.11,9,22164,1.565143705,approx
5.14,9,14161,1,approx
10.05,9,14161,1,approx
30.05,9,14161,1,approx
60.21,9,14161,1,approx
300.07,9,14161,1,approx
600.13,9,14161,1,approx
1200.07,9,14161,1,approx
1.24,10,21634,1.010037817,approx
5.14,10,21419,1,approx
10.11,10,21419,1,approx
30.26,10,21419,1,approx
60.11,10,21419,1,approx
300.09,10,21419,1,approx
600.24,10,21419,1,approx
1200.18,10,21419,1,approx
1.21,11,13822,1.014012178,approx
5.2,11,13822,1.014012178,approx
10.05,11,13822,1.014012178,approx
30.27,11,14835,1.088328076,approx
60.13,11,14835,1.088328076,approx
300.19,11,13631,1,approx
600.17,11,13631,1,approx
1200.03,11,13631,1,approx
1.17,12,33110,1.100731383,approx
5.13,12,30719,1.021243351,approx
10.13,12,30719,1.021243351,approx
30.18,12,30719,1.021243351,approx
60.05,12,30080,1,approx
300.22,12,30328,1.008244681,approx
600.06,12,30080,1,approx
1200.05,12,30080,1,approx
1.03,13,25193,1.099554818,approx
5.09,13,24747,1.080089036,approx
10.03,13,24962,1.089472765,approx
30.22,13,23723,1.035396299,approx
60.2,13,23840,1.040502793,approx
300.06,13,23031,1.005193785,approx
600.21,13,22912,1,approx
1200.12,13,22912,1,approx
1.18,14,24617,1.272064903,approx
5.06,14,22456,1.160396858,approx
10.11,14,21162,1.093530384,approx
30.04,14,22115,1.14277594,approx
60.15,14,20148,1.041132699,approx
300.2,14,19352,1,approx
600.24,14,19352,1,approx
1200.15,14,19352,1,approx
